Table Name,web component,schema,record type,record sub_type,purpose,included in beta,FK - On Creation,indexing stradegy,Constraints,On Delete Behavior,record creation trigger,table trigger creation,table trigger record,on creation,on delete,data migration notes,audit requirements
activity_log,,"""activity_log""        ""id""        ""uuid""        ""NO""        ""uuid_generate_v4()""
""activity_log""        ""user_id""        ""uuid""        ""YES""        
""activity_log""        ""entity_id""        ""uuid""        ""YES""        
""activity_log""        ""entity_type""        ""character varying""        ""YES""        
""activity_log""        ""action""        ""character varying""        ""YES""        
""activity_log""        ""occurred_at""        ""timestamp with time zone""        ""YES""        ""now()""
""activity_log""        ""ip_address""        ""character varying""        ""YES""        
""activity_log""        ""user_agent""        ""text""        ""YES""        
""activity_log""        ""device""        ""jsonb""        ""YES""        
""activity_log""        ""geo""        ""jsonb""        ""YES""        
""activity_log""        ""meta""        ""jsonb""        ""YES""        ",tracking,tracking,assign triggers on records to record records here with meta data transactions.  we will build this out to incorperate the website as well.,yes,null,activity_log_pkey,"CHECK (((jsonb_typeof(device) = 'object'::text) OR (device IS NULL))), CHECK (((jsonb_typeof(geo) = 'object'::text) OR (geo IS NULL))), CHECK (((jsonb_typeof(meta) = 'object'::text) OR (meta IS NULL))), CHECK (id IS NOT NULL), PRIMARY KEY (id)",,user actions ,,,,,,
address_contacts,,"""address_contacts""        ""id""        ""uuid""        ""NO""        ""uuid_generate_v4()""
""address_contacts""        ""address_id""        ""uuid""        ""YES""        
""address_contacts""        ""contact_id""        ""uuid""        ""YES""        
""address_contacts""        ""contact_type_id""        ""uuid""        ""YES""        
""address_contacts""        ""is_primary""        ""boolean""        ""YES""        ""false""
""address_contacts""        ""metadata""        ""jsonb""        ""YES""        
""address_contacts""        ""created_at""        ""timestamp with time zone""        ""YES""        ""now()""
""address_contacts""        ""updated_at""        ""timestamp with time zone""        ""YES""        ""now()""",joing table,,"Creates many-to-many relationships between addresses and contacts, allowing a single address to be associated with multiple contacts and vice versa.",,address_contacts has no foreign keys,address_contacts_pkey,"CHECK (id IS NOT NULL), PRIMARY KEY (id)",,addresses / contacts merger on collection,,,,,,
address_opportunities,,"""address_opportunities""        ""id""        ""uuid""        ""NO""        ""uuid_generate_v4()""
""address_opportunities""        ""address_id""        ""uuid""        ""YES""        
""address_opportunities""        ""opportunity_id""        ""uuid""        ""YES""        
""address_opportunities""        ""relationship_type""        ""character varying""        ""YES""        
""address_opportunities""        ""active""        ""boolean""        ""YES""        ""true""
""address_opportunities""        ""metadata""        ""jsonb""        ""YES""        
""address_opportunities""        ""created_at""        ""timestamp with time zone""        ""YES""        ""now()""
""address_opportunities""        ""updated_at""        ""timestamp with time zone""        ""YES""        ""now()""",joing table,,"Creates many-to-many relationships between addresses and opportunities, allowing multiple opportunities to be associated with a single address.",,address_opportunities has no foreign keys,address_opportunities_pkey,"CHECK (id IS NOT NULL), PRIMARY KEY (id)",,addresses / opportunities merger on collection,,,,,,
address_types,,"""address_types""        ""id""        ""uuid""        ""NO""        
""address_types""        ""display_name""        ""character varying""        ""NO""        
""address_types""        ""description""        ""text""        ""YES""        
""address_types""        ""is_residential""        ""boolean""        ""YES""        ""true""
""address_types""        ""is_commercial""        ""boolean""        ""YES""        ""false""
""address_types""        ""is_active""        ""boolean""        ""YES""        ""true""
""address_types""        ""icon""        ""character varying""        ""YES""        
""address_types""        ""color""        ""character varying""        ""YES""        
""address_types""        ""order_index""        ""integer""        ""YES""        ""0""
""address_types""        ""created_at""        ""timestamp without time zone""        ""NO""        
""address_types""        ""updated_at""        ""timestamp without time zone""        ""NO""        ",identification,identiers for sales and reporting,"commercial, residential, aparement, ect.",yes,null,address_types_pkey,"CHECK (created_at IS NOT NULL), CHECK (display_name IS NOT NULL), CHECK (id IS NOT NULL), CHECK (updated_at IS NOT NULL), PRIMARY KEY (id), NOT NULL (created_at), NOT NULL (display_name), NOT NULL (id), NOT NULL (updated_at)",,UI created,,,,,,
addresses,,"""addresses""        ""id""        ""uuid""        ""NO""        ""uuid_generate_v4()""
""addresses""        ""display_name""        ""character varying""        ""YES""        
""addresses""        ""street""        ""character varying""        ""NO""        
""addresses""        ""address_line_2""        ""character varying""        ""YES""        
""addresses""        ""city""        ""character varying""        ""YES""        
""addresses""        ""state""        ""character varying""        ""YES""        
""addresses""        ""postal_code""        ""character varying""        ""YES""        
""addresses""        ""status""        ""character varying""        ""YES""        ""'ACTIVE'::character varying""
""addresses""        ""notes""        ""text""        ""YES""        
""addresses""        ""property_condition""        ""jsonb""        ""YES""        
""addresses""        ""next_knock_date""        ""timestamp with time zone""        ""YES""        
""addresses""        ""street_id""        ""uuid""        ""YES""        
""addresses""        ""neighborhood_id""        ""uuid""        ""YES""        
""addresses""        ""created_by""        ""uuid""        ""YES""        
""addresses""        ""location_geo""        ""USER-DEFINED""        ""YES""        
""addresses""        ""metadata""        ""jsonb""        ""YES""        
""addresses""        ""created_at""        ""timestamp with time zone""        ""YES""        ""now()""
""addresses""        ""updated_at""        ""timestamp with time zone""        ""YES""        ""now()""
""addresses""        ""collection_id""        ""uuid""        ""YES""        
""addresses""        ""address_type_id""        ""uuid""        ""YES""        ",parental entity,key to the app - builds the entity,"holds a place name, address, geo location",yes,"addresses_address_type_id_fkey: address_type_id → address_types.id
addresses_collection_id_fkey: collection_id → collections.id
addresses_street_id_fkey: street_id → streets.id",addresses_pkey,"CHECK (id IS NOT NULL), CHECK (street IS NOT NULL), FOREIGN KEY (address_type_id) REFERENCES address_types(id), FOREIGN KEY (collection_id) REFERENCES collections(id), FOREIGN KEY (street_id) REFERENCES streets(id), PRIMARY KEY (id), NOT NULL (street)",no delete - make inactive,form,,"""Creates activity_log entry""
""Updates collection.updated_at timestamp""
""Potentially creates neighborhood_streets record if new street""","create - collections record, streets record",no delete - make inactive,,
approval_rules,,"""approval_rules""        ""id""        ""uuid""        ""NO""        ""uuid_generate_v4()""
""approval_rules""        ""name""        ""character varying""        ""NO""        
""approval_rules""        ""description""        ""text""        ""YES""        
""approval_rules""        ""conditions""        ""jsonb""        ""NO""        
""approval_rules""        ""is_active""        ""boolean""        ""YES""        ""true""
""approval_rules""        ""created_by""        ""uuid""        ""YES""        
""approval_rules""        ""created_at""        ""timestamp with time zone""        ""YES""        ""now()""
""approval_rules""        ""updated_at""        ""timestamp with time zone""        ""YES""        ""now()""",sales,approvals,"automatic approval of estimates that meet certain criteria (e.g., discount below threshold, margin above minimum), streamlining the process for straightforward cases.",no,approval_rules_created_by_fkey: created_by → users.id,approval_rules_pkey,"CHECK (conditions IS NOT NULL), CHECK (id IS NOT NULL), CHECK (name IS NOT NULL), FOREIGN KEY (created_by) REFERENCES users(id), PRIMARY KEY (id), NOT NULL (conditions), NOT NULL (name)",,,,,,,,
catalog_items,,"""catalog_items""        ""id""        ""uuid""        ""NO""        
""catalog_items""        ""catalog_id""        ""uuid""        ""YES""        
""catalog_items""        ""item_code""        ""character varying""        ""YES""        
""catalog_items""        ""name""        ""character varying""        ""NO""        
""catalog_items""        ""description""        ""text""        ""YES""        
""catalog_items""        ""category""        ""character varying""        ""YES""        
""catalog_items""        ""unit_price""        ""numeric""        ""NO""        
""catalog_items""        ""unit_type""        ""character varying""        ""YES""        
""catalog_items""        ""minimum_order""        ""numeric""        ""YES""        
""catalog_items""        ""lead_time_days""        ""integer""        ""YES""        
""catalog_items""        ""is_taxable""        ""boolean""        ""YES""        ""true""
""catalog_items""        ""metadata""        ""jsonb""        ""YES""        
""catalog_items""        ""created_at""        ""timestamp with time zone""        ""YES""        ""now()""
""catalog_items""        ""updated_at""        ""timestamp with time zone""        ""YES""        ""now()""",external access,sync up external products for estimating,coming 2nd beta release,no,catalog_items_catalog_id_fkey: catalog_id → external_partner_catalog.id,"catalog_items_pkey, idx_catalog_items_catalog, idx_catalog_items_item_code","CHECK (id IS NOT NULL), CHECK (name IS NOT NULL), CHECK (unit_price IS NOT NULL), FOREIGN KEY (catalog_id) REFERENCES external_partner_catalog(id), PRIMARY KEY (id), NOT NULL (id), NOT NULL (name), NOT NULL (unit_price)",,,,,,,,
collection_contact_roles,,"""collection_contact_roles""        ""id""        ""uuid""        ""NO""        ""uuid_generate_v4()""
""collection_contact_roles""        ""collection_id""        ""uuid""        ""YES""        
""collection_contact_roles""        ""contact_id""        ""uuid""        ""YES""        
""collection_contact_roles""        ""role_type""        ""character varying""        ""NO""        
""collection_contact_roles""        ""created_at""        ""timestamp with time zone""        ""YES""        ""now()""",collections,role in the collection,"Defines the roles that contacts play within a collection, such as PRIMARY, SPOUSE, AGENT, etc.",yes,"collection_contact_roles_collection_id_fkey: collection_id → collections.id
collection_contact_roles_contact_id_fkey: contact_id → contacts.id","idx_contact_roles_contact, collection_contact_roles_pkey, idx_contact_roles_unique, idx_contact_roles_collection","CHECK (id IS NOT NULL), CHECK (role_type IS NOT NULL), FOREIGN KEY (collection_id) REFERENCES collections(id), FOREIGN KEY (contact_id) REFERENCES contacts(id), PRIMARY KEY (id), NOT NULL (role_type)",,,,,,,,
collection_pulse,,"""collection_pulse""        ""id""        ""uuid""        ""NO""        ""uuid_generate_v4()""
""collection_pulse""        ""collection_id""        ""uuid""        ""YES""        
""collection_pulse""        ""pulse_type""        ""character varying""        ""YES""        
""collection_pulse""        ""content""        ""jsonb""        ""YES""        
""collection_pulse""        ""last_synced""        ""timestamp with time zone""        ""YES""        
""collection_pulse""        ""metadata""        ""jsonb""        ""YES""        
""collection_pulse""        ""created_at""        ""timestamp with time zone""        ""YES""        ""now()""
""collection_pulse""        ""updated_at""        ""timestamp with time zone""        ""YES""        ""now()""",joining table,,"Stores activity data and health metrics for collections, enabling activity tracking and scoring.",,collection_pulse_collection_id_fkey: collection_id → collections.id,collection_pulse_pkey,"CHECK (id IS NOT NULL), FOREIGN KEY (collection_id) REFERENCES collections(id), PRIMARY KEY (id)",,collection_id creation,,,,,,
collections,,"""collections""        ""id""        ""uuid""        ""NO""        ""uuid_generate_v4()""
""collections""        ""name""        ""character varying""        ""YES""        
""collections""        ""status""        ""character varying""        ""YES""        ""'ACTIVE'::character varying""
""collections""        ""created_by""        ""uuid""        ""YES""        
""collections""        ""metadata""        ""jsonb""        ""YES""        
""collections""        ""created_at""        ""timestamp with time zone""        ""YES""        ""now()""
""collections""        ""updated_at""        ""timestamp with time zone""        ""YES""        ""now()""
""collections""        ""filter_criteria""        ""jsonb""        ""YES""        ",containers,organizes entity data for consumption,our 'pane of glass',YES,null,collections_pkey,"CHECK (id IS NOT NULL), PRIMARY KEY (id)",,addresses record creation,activity log,,,,,
column_permissions,ColumnVisibilityManager component; Controls which database columns are visible in UI,"""column_permissions""        ""id""        ""uuid""        ""NO""        ""uuid_generate_v4()""
""column_permissions""        ""table_name""        ""character varying""        ""NO""        
""column_permissions""        ""column_name""        ""character varying""        ""NO""        
""column_permissions""        ""permission_type""        ""character varying""        ""NO""        
""column_permissions""        ""role_id""        ""uuid""        ""YES""        
""column_permissions""        ""is_allowed""        ""boolean""        ""YES""        ""false""
""column_permissions""        ""created_at""        ""timestamp with time zone""        ""YES""        ""now()""",permissions,UI/API Access,Defines which columns are visible in UI or accessible via API for each role,yes,column_permissions_role_id_fkey: role_id → roles.id,"column_permissions_pkey, idx_column_perm_unique","CHECK (column_name IS NOT NULL), CHECK (id IS NOT NULL), CHECK (permission_type IS NOT NULL), CHECK (table_name IS NOT NULL), FOREIGN KEY (role_id) REFERENCES roles(id), PRIMARY KEY (id), NOT NULL (column_name), NOT NULL (permission_type), NOT NULL (table_name)",,permission configuration,,,permission cache update,cascade delete when role is deleted,,
communication_templates,,"""communication_templates""        ""id""        ""uuid""        ""NO""        ""uuid_generate_v4()""
""communication_templates""        ""name""        ""character varying""        ""NO""        
""communication_templates""        ""description""        ""text""        ""YES""        
""communication_templates""        ""template_type""        ""character varying""        ""NO""        
""communication_templates""        ""subject_template""        ""text""        ""YES""        
""communication_templates""        ""body_template""        ""text""        ""YES""        
""communication_templates""        ""variables""        ""jsonb""        ""YES""        
""communication_templates""        ""is_active""        ""boolean""        ""YES""        ""true""
""communication_templates""        ""created_by""        ""uuid""        ""YES""        
""communication_templates""        ""created_at""        ""timestamp with time zone""        ""YES""        ""now()""
""communication_templates""        ""updated_at""        ""timestamp with time zone""        ""YES""        ""now()""",communications,templates,"Stores reusable message templates for emails, SMS, and notifications that can incorporate dynamic data from the form system",no,communication_templates_created_by_fkey: created_by → users.id,communication_templates_pkey,"CHECK (id IS NOT NULL), CHECK (name IS NOT NULL), CHECK (template_type IS NOT NULL), FOREIGN KEY (created_by) REFERENCES users(id), PRIMARY KEY (id), NOT NULL (name), NOT NULL (template_type)",,UI created,,,activity log entry,soft delete - set is_active = false,,
contact_types,,"""contact_types""        ""id""        ""uuid""        ""NO""        ""uuid_generate_v4()""
""contact_types""        ""display_name""        ""character varying""        ""NO""        
""contact_types""        ""description""        ""text""        ""YES""        
""contact_types""        ""active""        ""boolean""        ""YES""        ""true""
""contact_types""        ""settings""        ""jsonb""        ""YES""        
""contact_types""        ""created_at""        ""timestamp with time zone""        ""YES""        ""now()""
""contact_types""        ""updated_at""        ""timestamp with time zone""        ""YES""        ""now()""",settings,settings,settings,no,null,contact_types_pkey,"CHECK (display_name IS NOT NULL), CHECK (id IS NOT NULL), PRIMARY KEY (id), NOT NULL (display_name)",,,,,,,,
contacts,"ContactCard, ContactForm, ContactSelector components; Displays contact information in cards; Collects new contact data through forms; Allows selection of contacts for assignments","""contacts""        ""id""        ""uuid""        ""NO""        ""uuid_generate_v4()""
""contacts""        ""first_name""        ""character varying""        ""YES""        
""contacts""        ""last_name""        ""character varying""        ""YES""        
""contacts""        ""email""        ""character varying""        ""YES""        
""contacts""        ""notes""        ""text""        ""YES""        
""contacts""        ""facebook""        ""character varying""        ""YES""        
""contacts""        ""x""        ""character varying""        ""YES""        
""contacts""        ""instagram""        ""character varying""        ""YES""        
""contacts""        ""linkedin""        ""character varying""        ""YES""        
""contacts""        ""cover_photo""        ""character varying""        ""YES""        
""contacts""        ""status""        ""character varying""        ""YES""        ""'ACTIVE'::character varying""
""contacts""        ""contact_approval""        ""boolean""        ""YES""        ""false""
""contacts""        ""contact_type_id""        ""uuid""        ""YES""        
""contacts""        ""created_by""        ""uuid""        ""YES""        
""contacts""        ""updated_by""        ""uuid""        ""YES""        
""contacts""        ""metadata""        ""jsonb""        ""YES""        
""contacts""        ""created_at""        ""timestamp with time zone""        ""YES""        ""now()""
""contacts""        ""updated_at""        ""timestamp with time zone""        ""YES""        ""now()""
""contacts""        ""collection_id""        ""uuid""        ""YES""        ",parental entity,customer or affiliate data that can be used in a collection to build a sale or opportunity.,,,contacts_collection_id_fkey: collection_id → collections.id,contacts_pkey,"CHECK (id IS NOT NULL), FOREIGN KEY (collection_id) REFERENCES collections(id), PRIMARY KEY (id)",,,,,,,,
core_settings,,"""core_settings""        ""id""        ""integer""        ""NO""        ""nextval('core_settings_id_seq'::regclass)""
""core_settings""        ""setting_key""        ""character varying""        ""NO""        
""core_settings""        ""setting_value""        ""jsonb""        ""YES""        
""core_settings""        ""created_at""        ""timestamp with time zone""        ""YES""        ""now()""
""core_settings""        ""updated_at""        ""timestamp with time zone""        ""YES""        ""now()""",settings,settings,settings,no,null,"core_settings_pkey, core_settings_setting_key_key","CHECK (id IS NOT NULL), CHECK (setting_key IS NOT NULL), PRIMARY KEY (id), UNIQUE (setting_key), NOT NULL (setting_key)",,,,,,,,
corporate,,"""corporate""        ""id""        ""uuid""        ""NO""        
""corporate""        ""name""        ""character varying""        ""NO""        
""corporate""        ""legal_name""        ""character varying""        ""YES""        
""corporate""        ""tax_id""        ""character varying""        ""YES""        
""corporate""        ""address_id""        ""uuid""        ""YES""        
""corporate""        ""website""        ""character varying""        ""YES""        
""corporate""        ""logo_url""        ""character varying""        ""YES""        
""corporate""        ""primary_contact_id""        ""uuid""        ""YES""        
""corporate""        ""status""        ""character varying""        ""YES""        ""'ACTIVE'::character varying""
""corporate""        ""metadata""        ""jsonb""        ""YES""        
""corporate""        ""created_at""        ""timestamp without time zone""        ""NO""        
""corporate""        ""updated_at""        ""timestamp without time zone""        ""NO""        ",parental entity,,,,null,corporate_pkey,"CHECK (created_at IS NOT NULL), CHECK (id IS NOT NULL), CHECK (name IS NOT NULL), CHECK (updated_at IS NOT NULL), PRIMARY KEY (id), NOT NULL (created_at), NOT NULL (id), NOT NULL (name), NOT NULL (updated_at)",,UI created,,,,,,
corporate_goals,,"""corporate_goals""        ""id""        ""uuid""        ""NO""        
""corporate_goals""        ""corporate_id""        ""uuid""        ""YES""        
""corporate_goals""        ""title""        ""character varying""        ""NO""        
""corporate_goals""        ""description""        ""text""        ""YES""        
""corporate_goals""        ""goal_type""        ""character varying""        ""YES""        
""corporate_goals""        ""target_value""        ""numeric""        ""YES""        
""corporate_goals""        ""current_value""        ""numeric""        ""YES""        
""corporate_goals""        ""start_date""        ""date""        ""YES""        
""corporate_goals""        ""target_date""        ""date""        ""YES""        
""corporate_goals""        ""status""        ""character varying""        ""YES""        ""'ACTIVE'::character varying""
""corporate_goals""        ""priority""        ""integer""        ""YES""        
""corporate_goals""        ""created_by""        ""uuid""        ""NO""        
""corporate_goals""        ""created_at""        ""timestamp without time zone""        ""NO""        
""corporate_goals""        ""updated_at""        ""timestamp without time zone""        ""NO""        ",tracking,goals,set goals like employee tenureship ,yes,corporate_goals_corporate_id_fkey: corporate_id → corporate.id,corporate_goals_pkey,"CHECK (created_at IS NOT NULL), CHECK (created_by IS NOT NULL), CHECK (id IS NOT NULL), CHECK (title IS NOT NULL), CHECK (updated_at IS NOT NULL), FOREIGN KEY (corporate_id) REFERENCES corporate(id), PRIMARY KEY (id), NOT NULL (created_at), NOT NULL (created_by), NOT NULL (id), NOT NULL (title), NOT NULL (updated_at)",,UI created,,,,,,
corporate_owners,,"""corporate_owners""        ""id""        ""uuid""        ""NO""        
""corporate_owners""        ""corporate_id""        ""uuid""        ""YES""        
""corporate_owners""        ""user_id""        ""uuid""        ""NO""        
""corporate_owners""        ""ownership_type""        ""character varying""        ""YES""        
""corporate_owners""        ""department""        ""character varying""        ""YES""        
""corporate_owners""        ""title""        ""character varying""        ""YES""        
""corporate_owners""        ""start_date""        ""date""        ""YES""        
""corporate_owners""        ""end_date""        ""date""        ""YES""        
""corporate_owners""        ""is_active""        ""boolean""        ""YES""        ""true""
""corporate_owners""        ""created_at""        ""timestamp without time zone""        ""NO""        
""corporate_owners""        ""updated_at""        ""timestamp without time zone""        ""NO""        ",hierarchy,company management,system rule access,yes,corporate_owners_corporate_id_fkey: corporate_id → corporate.id,corporate_owners_pkey,"CHECK (created_at IS NOT NULL), CHECK (id IS NOT NULL), CHECK (updated_at IS NOT NULL), CHECK (user_id IS NOT NULL), FOREIGN KEY (corporate_id) REFERENCES corporate(id), PRIMARY KEY (id), NOT NULL (created_at), NOT NULL (id), NOT NULL (updated_at), NOT NULL (user_id)",,,,,,,,
data_source_references,"DataSourcePicker, ReferenceTracker components; Shows data origin and dependencies","""data_source_references""        ""id""        ""uuid""        ""NO""        ""uuid_generate_v4()""
""data_source_references""        ""target_id""        ""uuid""        ""NO""        
""data_source_references""        ""target_type""        ""character varying""        ""NO""        
""data_source_references""        ""source_id""        ""uuid""        ""NO""        
""data_source_references""        ""source_type""        ""character varying""        ""NO""        
""data_source_references""        ""source_form_id""        ""uuid""        ""YES""        
""data_source_references""        ""data_path""        ""text""        ""YES""        
""data_source_references""        ""created_at""        ""timestamp with time zone""        ""YES""        ""now()""",tracking,,"Tracks references to source data used in documents, allowing you to track where data in estimates and reports came from.",,null,"idx_data_sources_target, data_source_references_pkey, idx_data_sources_source","CHECK (id IS NOT NULL), CHECK (source_id IS NOT NULL), CHECK (source_type IS NOT NULL), CHECK (target_id IS NOT NULL), CHECK (target_type IS NOT NULL), PRIMARY KEY (id), NOT NULL (source_id), NOT NULL (source_type), NOT NULL (target_id), NOT NULL (target_type)",,,,,,,,
department_roles,,"""department_roles""        ""id""        ""uuid""        ""NO""        ""uuid_generate_v4()""
""department_roles""        ""department_id""        ""uuid""        ""YES""        
""department_roles""        ""role_id""        ""uuid""        ""YES""        
""department_roles""        ""metadata""        ""jsonb""        ""YES""        
""department_roles""        ""created_at""        ""timestamp with time zone""        ""YES""        ""now()""
""department_roles""        ""updated_at""        ""timestamp with time zone""        ""YES""        ""now()""",organizational,assignments,write any role names that you would like,,null,department_roles_pkey,"CHECK (id IS NOT NULL), PRIMARY KEY (id)",,,,,,,,
department_types,,"""department_types""        ""id""        ""uuid""        ""NO""        ""uuid_generate_v4()""
""department_types""        ""name""        ""character varying""        ""NO""        
""department_types""        ""description""        ""text""        ""YES""        
""department_types""        ""settings""        ""jsonb""        ""YES""        
""department_types""        ""created_at""        ""timestamp with time zone""        ""YES""        ""now()""
""department_types""        ""updated_at""        ""timestamp with time zone""        ""YES""        ""now()""",identification,organizational,suit your operations needs by assigning roles to a department as you grow,yes,null,department_types_pkey,"CHECK (id IS NOT NULL), CHECK (name IS NOT NULL), PRIMARY KEY (id), NOT NULL (name)",,,,,,,,
department_views,,"""department_views""        ""id""        ""uuid""        ""NO""        ""uuid_generate_v4()""
""department_views""        ""department_id""        ""uuid""        ""YES""        
""department_views""        ""name""        ""character varying""        ""NO""        
""department_views""        ""description""        ""text""        ""YES""        
""department_views""        ""view_components""        ""jsonb""        ""YES""        
""department_views""        ""metadata""        ""jsonb""        ""YES""        
""department_views""        ""created_at""        ""timestamp with time zone""        ""YES""        ""now()""
""department_views""        ""updated_at""        ""timestamp with time zone""        ""YES""        ""now()""",view access,permissions,arranges role component access by department,yes,null,department_views_pkey,"CHECK (id IS NOT NULL), CHECK (name IS NOT NULL), PRIMARY KEY (id), NOT NULL (name)",,,,,,,,
departments,,"""departments""        ""id""        ""uuid""        ""NO""        
""departments""        ""name""        ""character varying""        ""NO""        
""departments""        ""description""        ""text""        ""YES""        
""departments""        ""is_active""        ""boolean""        ""YES""        ""true""
""departments""        ""created_at""        ""timestamp with time zone""        ""YES""        ""now()""
""departments""        ""updated_at""        ""timestamp with time zone""        ""YES""        ""now()""
""departments""        ""organization_id""        ""uuid""        ""YES""        ",organizational,hierarchical,"Represents organizational departments within companies, allowing for hierarchical structure.",yes,departments_organization_id_fkey: organization_id → organizations.id,departments_pkey,"CHECK (id IS NOT NULL), CHECK (name IS NOT NULL), FOREIGN KEY (organization_id) REFERENCES organizations(id), PRIMARY KEY (id), NOT NULL (id), NOT NULL (name)",,,,,,,,
digital_leads,,"""digital_leads""        ""id""        ""uuid""        ""NO""        
""digital_leads""        ""visitor_session_id""        ""uuid""        ""YES""        
""digital_leads""        ""lead_source""        ""character varying""        ""NO""        
""digital_leads""        ""lead_type""        ""character varying""        ""NO""        
""digital_leads""        ""entity_id""        ""uuid""        ""YES""        
""digital_leads""        ""collection_id""        ""uuid""        ""YES""        
""digital_leads""        ""form_data""        ""jsonb""        ""YES""        
""digital_leads""        ""conversion_page""        ""character varying""        ""YES""        
""digital_leads""        ""status""        ""character varying""        ""YES""        ""'NEW'::character varying""
""digital_leads""        ""assigned_to""        ""uuid""        ""YES""        
""digital_leads""        ""is_processed""        ""boolean""        ""YES""        ""false""
""digital_leads""        ""notes""        ""text""        ""YES""        
""digital_leads""        ""created_at""        ""timestamp without time zone""        ""NO""        
""digital_leads""        ""updated_at""        ""timestamp without time zone""        ""NO""        ",marketing,,"Stores leads specifically generated from digital sources (website, online ads) with relevant tracking data.",,digital_leads_visitor_session_id_fkey: visitor_session_id → visitor_sessions.id,digital_leads_pkey,"CHECK (created_at IS NOT NULL), CHECK (id IS NOT NULL), CHECK (lead_source IS NOT NULL), CHECK (lead_type IS NOT NULL), CHECK (updated_at IS NOT NULL), FOREIGN KEY (visitor_session_id) REFERENCES visitor_sessions(id), PRIMARY KEY (id), NOT NULL (created_at), NOT NULL (id), NOT NULL (lead_source), NOT NULL (lead_type), NOT NULL (updated_at)",,,,,,,,
document_ai_models,,"""document_ai_models""        ""id""        ""uuid""        ""NO""        
""document_ai_models""        ""name""        ""character varying""        ""NO""        
""document_ai_models""        ""description""        ""text""        ""YES""        
""document_ai_models""        ""model_type""        ""character varying""        ""YES""        
""document_ai_models""        ""provider""        ""character varying""        ""YES""        
""document_ai_models""        ""configuration""        ""jsonb""        ""YES""        
""document_ai_models""        ""document_types""        ""jsonb""        ""YES""        
""document_ai_models""        ""accuracy_score""        ""numeric""        ""YES""        
""document_ai_models""        ""version""        ""character varying""        ""YES""        
""document_ai_models""        ""is_active""        ""boolean""        ""YES""        ""true""
""document_ai_models""        ""created_at""        ""timestamp without time zone""        ""NO""        
""document_ai_models""        ""updated_at""        ""timestamp without time zone""        ""NO""        ",communications,artificial intelligence,future dev. ,no,null,document_ai_models_pkey,"CHECK (created_at IS NOT NULL), CHECK (id IS NOT NULL), CHECK (name IS NOT NULL), CHECK (updated_at IS NOT NULL), PRIMARY KEY (id), NOT NULL (created_at), NOT NULL (id), NOT NULL (name), NOT NULL (updated_at)",,,,,,,,
document_components,DocumentDesigner component; Arranges components within document templates,"""document_components""        ""id""        ""uuid""        ""NO""        ""uuid_generate_v4()""
""document_components""        ""document_id""        ""uuid""        ""YES""        
""document_components""        ""component_type""        ""character varying""        ""NO""        
""document_components""        ""display_order""        ""integer""        ""NO""        
""document_components""        ""config""        ""jsonb""        ""NO""        
""document_components""        ""content""        ""jsonb""        ""YES""        
""document_components""        ""source_reference""        ""jsonb""        ""YES""        
""document_components""        ""created_at""        ""timestamp with time zone""        ""YES""        ""now()""
""document_components""        ""updated_at""        ""timestamp with time zone""        ""YES""        ""now()""",modern form system,documents,"Stores individual components within documents, such as line items, photo galleries, and signature blocks.",,document_components_document_id_fkey: document_id → documents.id,"document_components_pkey, idx_doc_components_document","CHECK (component_type IS NOT NULL), CHECK (config IS NOT NULL), CHECK (display_order IS NOT NULL), CHECK (id IS NOT NULL), FOREIGN KEY (document_id) REFERENCES documents(id), PRIMARY KEY (id), NOT NULL (component_type), NOT NULL (config), NOT NULL (display_order)",,,,,,,,
document_templates,"TemplateBuilder, TemplateSelector components; Creates and manages document templates","""document_templates""        ""id""        ""uuid""        ""NO""        ""uuid_generate_v4()""
""document_templates""        ""name""        ""character varying""        ""NO""        
""document_templates""        ""description""        ""text""        ""YES""        
""document_templates""        ""document_type""        ""character varying""        ""NO""        
""document_templates""        ""organization_id""        ""uuid""        ""YES""        
""document_templates""        ""department_id""        ""uuid""        ""YES""        
""document_templates""        ""layout""        ""jsonb""        ""NO""        
""document_templates""        ""is_active""        ""boolean""        ""YES""        ""true""
""document_templates""        ""is_public""        ""boolean""        ""YES""        ""false""
""document_templates""        ""created_by""        ""uuid""        ""YES""        
""document_templates""        ""created_at""        ""timestamp with time zone""        ""YES""        ""now()""
""document_templates""        ""updated_at""        ""timestamp with time zone""        ""YES""        ""now()""",modern form system,documents,"Stores templates for documents like estimates, inspections, and reports, allowing users to create consistent documents quickly.",,"document_templates_created_by_fkey: created_by → users.id
document_templates_department_id_fkey: department_id → departments.id
document_templates_organization_id_fkey: organization_id → organizations.id","idx_doc_templates_type, document_templates_pkey, idx_doc_templates_org","CHECK (document_type IS NOT NULL), CHECK (id IS NOT NULL), CHECK (layout IS NOT NULL), CHECK (name IS NOT NULL), FOREIGN KEY (created_by) REFERENCES users(id), FOREIGN KEY (department_id) REFERENCES departments(id), FOREIGN KEY (organization_id) REFERENCES organizations(id), PRIMARY KEY (id), NOT NULL (document_type), NOT NULL (layout), NOT NULL (name)",,,,,,,,
document_types,,"""document_types""        ""id""        ""uuid""        ""NO""        ""uuid_generate_v4()""
""document_types""        ""name""        ""character varying""        ""NO""        
""document_types""        ""processor_id""        ""character varying""        ""YES""        
""document_types""        ""extraction_schema""        ""jsonb""        ""YES""        
""document_types""        ""icon""        ""character varying""        ""YES""        
""document_types""        ""color""        ""character varying""        ""YES""        
""document_types""        ""settings""        ""jsonb""        ""YES""        
""document_types""        ""created_at""        ""timestamp with time zone""        ""YES""        ""now()""
""document_types""        ""updated_at""        ""timestamp with time zone""        ""YES""        ""now()""",identification,data,can save company docs for SOP and other items,yes,null,document_types_pkey,"CHECK (id IS NOT NULL), CHECK (name IS NOT NULL), PRIMARY KEY (id), NOT NULL (name)",,,,,,,,
documents,"DocumentViewer, DocumentPrinter components; Displays and exports completed documents","""documents""        ""id""        ""uuid""        ""NO""        ""uuid_generate_v4()""
""documents""        ""name""        ""character varying""        ""NO""        
""documents""        ""document_type""        ""character varying""        ""NO""        
""documents""        ""document_template_id""        ""uuid""        ""YES""        
""documents""        ""collection_id""        ""uuid""        ""YES""        
""documents""        ""opportunity_id""        ""uuid""        ""YES""        
""documents""        ""version""        ""integer""        ""NO""        ""1""
""documents""        ""status""        ""character varying""        ""NO""        ""'DRAFT'::character varying""
""documents""        ""layout""        ""jsonb""        ""NO""        
""documents""        ""content""        ""jsonb""        ""NO""        
""documents""        ""created_by""        ""uuid""        ""YES""        
""documents""        ""created_at""        ""timestamp with time zone""        ""YES""        ""now()""
""documents""        ""updated_at""        ""timestamp with time zone""        ""YES""        ""now()""",modern form system,documents,"Stores actual document instances created from templates, including estimates, reports, and inspections.",,"documents_collection_id_fkey: collection_id → collections.id
documents_created_by_fkey: created_by → users.id
documents_document_template_id_fkey: document_template_id → document_templates.id
documents_opportunity_id_fkey: opportunity_id → opportunities.id","idx_documents_type, idx_documents_opportunity, idx_documents_collection, documents_pkey","CHECK (content IS NOT NULL), CHECK (document_type IS NOT NULL), CHECK (id IS NOT NULL), CHECK (layout IS NOT NULL), CHECK (name IS NOT NULL), CHECK (status IS NOT NULL), CHECK (version IS NOT NULL), FOREIGN KEY (collection_id) REFERENCES collections(id), FOREIGN KEY (created_by) REFERENCES users(id), FOREIGN KEY (document_template_id) REFERENCES document_templates(id), FOREIGN KEY (opportunity_id) REFERENCES opportunities(id), PRIMARY KEY (id), NOT NULL (content), NOT NULL (document_type), NOT NULL (layout), NOT NULL (name)",,,,,,,,
drive_access_levels,,"""drive_access_levels""        ""id""        ""uuid""        ""NO""        ""uuid_generate_v4()""
""drive_access_levels""        ""name""        ""character varying""        ""NO""        
""drive_access_levels""        ""description""        ""text""        ""YES""        
""drive_access_levels""        ""settings""        ""jsonb""        ""YES""        
""drive_access_levels""        ""created_at""        ""timestamp with time zone""        ""YES""        ""now()""
""drive_access_levels""        ""updated_at""        ""timestamp with time zone""        ""YES""        ""now()""",view access,permissions,"access to the drives not needs at the lower level, just buckets and touchpoints or in some cases you can just assign a bucket to a rep and they work a stream of touchpoints.",yes,null,drive_access_levels_pkey,"CHECK (id IS NOT NULL), CHECK (name IS NOT NULL), PRIMARY KEY (id), NOT NULL (name)",,,,,,,,
drive_achievements,,"""drive_achievements""        ""id""        ""uuid""        ""NO""        ""uuid_generate_v4()""
""drive_achievements""        ""drive_type_id""        ""uuid""        ""YES""        
""drive_achievements""        ""achievement_type_id""        ""uuid""        ""YES""        
""drive_achievements""        ""active""        ""boolean""        ""YES""        ""true""
""drive_achievements""        ""metadata""        ""jsonb""        ""YES""        
""drive_achievements""        ""created_at""        ""timestamp with time zone""        ""YES""        ""now()""
""drive_achievements""        ""updated_at""        ""timestamp with time zone""        ""YES""        ""now()""",tracking,"we set achievements based on sales goals, performance analytics and things like that",log the amount of drives completed from start to finish - for example - lead load to appointment set,yes,null,drive_achievements_pkey,"CHECK (id IS NOT NULL), PRIMARY KEY (id)",,,,,,,,
drive_departments,,"""drive_departments""        ""id""        ""uuid""        ""NO""        ""uuid_generate_v4()""
""drive_departments""        ""drive_type_id""        ""uuid""        ""YES""        
""drive_departments""        ""department_id""        ""uuid""        ""YES""        
""drive_departments""        ""metadata""        ""jsonb""        ""YES""        
""drive_departments""        ""created_at""        ""timestamp with time zone""        ""YES""        ""now()""
""drive_departments""        ""updated_at""        ""timestamp with time zone""        ""YES""        ""now()""",joining table,,"Maps sales drives to specific departments, controlling which departments have access to which drives.",,null,drive_departments_pkey,"CHECK (id IS NOT NULL), PRIMARY KEY (id)",,,,,,,,
drive_geography_mapping,,"""drive_geography_mapping""        ""id""        ""uuid""        ""NO""        ""uuid_generate_v4()""
""drive_geography_mapping""        ""drive_type_id""        ""uuid""        ""YES""        
""drive_geography_mapping""        ""geographic_level""        ""character varying""        ""YES""        
""drive_geography_mapping""        ""can_cross_boundaries""        ""boolean""        ""YES""        ""false""
""drive_geography_mapping""        ""metadata""        ""jsonb""        ""YES""        
""drive_geography_mapping""        ""created_at""        ""timestamp with time zone""        ""YES""        ""now()""
""drive_geography_mapping""        ""updated_at""        ""timestamp with time zone""        ""YES""        ""now()""",geo spacial,workflows,best suited for multi location customers - you can filter your drives by your created zones,no - release with salesBlanket v1.0,null,drive_geography_mapping_pkey,"CHECK (id IS NOT NULL), PRIMARY KEY (id)",,,,,,,,
drive_stops,,"""drive_stops""        ""id""        ""uuid""        ""NO""        ""uuid_generate_v4()""
""drive_stops""        ""drive_type_id""        ""uuid""        ""YES""        
""drive_stops""        ""bucket_type_id""        ""uuid""        ""YES""        
""drive_stops""        ""display_order""        ""integer""        ""YES""        
""drive_stops""        ""metadata""        ""jsonb""        ""YES""        
""drive_stops""        ""created_at""        ""timestamp with time zone""        ""YES""        ""now()""
""drive_stops""        ""updated_at""        ""timestamp with time zone""        ""YES""        ""now()""",joining table,,"Organizes buckets/stops within drives, creating the structure for the sales process flow.",,null,drive_buckets_pkey,"CHECK (id IS NOT NULL), PRIMARY KEY (id)",,,,,,,,
drive_types,,"""drive_types""        ""id""        ""uuid""        ""NO""        ""uuid_generate_v4()""
""drive_types""        ""name""        ""character varying""        ""NO""        
""drive_types""        ""description""        ""text""        ""YES""        
""drive_types""        ""icon""        ""character varying""        ""YES""        
""drive_types""        ""color""        ""character varying""        ""YES""        
""drive_types""        ""conditions""        ""jsonb""        ""YES""        
""drive_types""        ""rep_role_types""        ""ARRAY""        ""YES""        
""drive_types""        ""entity_type_id""        ""uuid""        ""YES""        
""drive_types""        ""settings""        ""jsonb""        ""YES""        
""drive_types""        ""created_at""        ""timestamp with time zone""        ""YES""        ""now()""
""drive_types""        ""updated_at""        ""timestamp with time zone""        ""YES""        ""now()""",identification,workflows,"name your main workflow stages - door knocking, appointments, closing",yes,null,drive_types_pkey,"CHECK (id IS NOT NULL), CHECK (name IS NOT NULL), PRIMARY KEY (id), NOT NULL (name)",,,,,,,,
engagement_access_conflict,,"""engagement_access_conflict""        ""id""        ""uuid""        ""NO""        ""uuid_generate_v4()""
""engagement_access_conflict""        ""policy_name""        ""character varying""        ""NO""        
""engagement_access_conflict""        ""is_active""        ""boolean""        ""YES""        ""true""
""engagement_access_conflict""        ""priority_order""        ""jsonb""        ""YES""        
""engagement_access_conflict""        ""metadata""        ""jsonb""        ""YES""        
""engagement_access_conflict""        ""created_at""        ""timestamp with time zone""        ""YES""        ""now()""
""engagement_access_conflict""        ""updated_at""        ""timestamp with time zone""        ""YES""        ""now()""",view access,permissions,fallback - permission error,yes,null,entity_engagement_access_conflict_pkey,"CHECK (id IS NOT NULL), CHECK (policy_name IS NOT NULL), PRIMARY KEY (id), NOT NULL (policy_name)",,,,,,,,
engagement_access_default_rules,,"""engagement_access_default_rules""        ""id""        ""uuid""        ""NO""        ""uuid_generate_v4()""
""engagement_access_default_rules""        ""role_id""        ""uuid""        ""YES""        
""engagement_access_default_rules""        ""default_access_level_id""        ""uuid""        ""YES""        
""engagement_access_default_rules""        ""applies_to""        ""character varying""        ""YES""        
""engagement_access_default_rules""        ""settings""        ""jsonb""        ""YES""        
""engagement_access_default_rules""        ""created_at""        ""timestamp with time zone""        ""YES""        ""now()""
""engagement_access_default_rules""        ""updated_at""        ""timestamp with time zone""        ""YES""        ""now()""",permissions,,,,null,entity_engagement_access_default_rules_pkey,"CHECK (id IS NOT NULL), PRIMARY KEY (id)",,,,,,,,
engagement_access_history,,"""engagement_access_history""        ""id""        ""uuid""        ""NO""        ""uuid_generate_v4()""
""engagement_access_history""        ""entity_type_id""        ""uuid""        ""YES""        
""engagement_access_history""        ""entity_id""        ""character varying""        ""YES""        
""engagement_access_history""        ""user_id""        ""uuid""        ""YES""        
""engagement_access_history""        ""assigned_by""        ""uuid""        ""YES""        
""engagement_access_history""        ""assigned_at""        ""timestamp with time zone""        ""YES""        
""engagement_access_history""        ""unassigned_at""        ""timestamp with time zone""        ""YES""        
""engagement_access_history""        ""unassigned_by""        ""uuid""        ""YES""        
""engagement_access_history""        ""action""        ""character varying""        ""YES""        
""engagement_access_history""        ""metadata""        ""jsonb""        ""YES""        
""engagement_access_history""        ""created_at""        ""timestamp with time zone""        ""YES""        ""now()""
""engagement_access_history""        ""updated_at""        ""timestamp with time zone""        ""YES""        ""now()""",tracking,logs user engagement with entities and documentation,logs,yes,null,entity_engagement_access_history_pkey,"CHECK (id IS NOT NULL), PRIMARY KEY (id)",,,,,,,,
engagement_group_assignments,,"""engagement_group_assignments""        ""id""        ""uuid""        ""NO""        
""engagement_group_assignments""        ""group_id""        ""uuid""        ""YES""        
""engagement_group_assignments""        ""entity_id""        ""uuid""        ""NO""        
""engagement_group_assignments""        ""entity_type_id""        ""uuid""        ""NO""        
""engagement_group_assignments""        ""engagement_role_id""        ""uuid""        ""YES""        
""engagement_group_assignments""        ""assigned_by""        ""uuid""        ""NO""        
""engagement_group_assignments""        ""assigned_at""        ""timestamp with time zone""        ""YES""        ""now()""
""engagement_group_assignments""        ""is_active""        ""boolean""        ""YES""        ""true""
""engagement_group_assignments""        ""metadata""        ""jsonb""        ""YES""        
""engagement_group_assignments""        ""created_at""        ""timestamp with time zone""        ""YES""        ""now()""
""engagement_group_assignments""        ""updated_at""        ""timestamp with time zone""        ""YES""        ""now()""",assignments,granule - external,can be used for independant contractors outside of your business,yes,"engagement_group_assignments_engagement_role_id_fkey: engagement_role_id → engagement_roles.id
engagement_group_assignments_group_id_fkey: group_id → engagement_groups.id",engagement_group_assignments_pkey,"CHECK (assigned_by IS NOT NULL), CHECK (entity_id IS NOT NULL), CHECK (entity_type_id IS NOT NULL), CHECK (id IS NOT NULL), FOREIGN KEY (engagement_role_id) REFERENCES engagement_roles(id), FOREIGN KEY (group_id) REFERENCES engagement_groups(id), PRIMARY KEY (id), NOT NULL (assigned_by), NOT NULL (entity_id), NOT NULL (entity_type_id), NOT NULL (id)",,,,,,,,
engagement_group_members,,"""engagement_group_members""        ""id""        ""uuid""        ""NO""        
""engagement_group_members""        ""group_id""        ""uuid""        ""YES""        
""engagement_group_members""        ""user_id""        ""uuid""        ""NO""        
""engagement_group_members""        ""is_active""        ""boolean""        ""YES""        ""true""
""engagement_group_members""        ""assigned_by""        ""uuid""        ""YES""        
""engagement_group_members""        ""assigned_at""        ""timestamp with time zone""        ""YES""        ""now()""
""engagement_group_members""        ""expires_at""        ""timestamp with time zone""        ""YES""        
""engagement_group_members""        ""created_at""        ""timestamp with time zone""        ""YES""        ""now()""
""engagement_group_members""        ""updated_at""        ""timestamp with time zone""        ""YES""        ""now()""",assignments,assign multiple members,can be used for independant contractors outside of your business,yes,engagement_group_members_group_id_fkey: group_id → engagement_groups.id,engagement_group_members_pkey,"CHECK (id IS NOT NULL), CHECK (user_id IS NOT NULL), FOREIGN KEY (group_id) REFERENCES engagement_groups(id), PRIMARY KEY (id), NOT NULL (id), NOT NULL (user_id)",,,,,,,,
engagement_groups,,"""engagement_groups""        ""id""        ""uuid""        ""NO""        
""engagement_groups""        ""name""        ""character varying""        ""NO""        
""engagement_groups""        ""description""        ""text""        ""YES""        
""engagement_groups""        ""group_type""        ""character varying""        ""YES""        ""'STANDARD'::character varying""
""engagement_groups""        ""is_active""        ""boolean""        ""YES""        ""true""
""engagement_groups""        ""metadata""        ""jsonb""        ""YES""        
""engagement_groups""        ""created_at""        ""timestamp with time zone""        ""YES""        ""now()""
""engagement_groups""        ""updated_at""        ""timestamp with time zone""        ""YES""        ""now()""",assignments,organize by group -or- trade -or- whatever you choose,can be used for independant contractors outside of your business,yes,null,engagement_groups_pkey,"CHECK (id IS NOT NULL), CHECK (name IS NOT NULL), PRIMARY KEY (id), NOT NULL (id), NOT NULL (name)",,,,,,,,
engagement_role_permissions,,"""engagement_role_permissions""        ""id""        ""uuid""        ""NO""        ""uuid_generate_v4()""
""engagement_role_permissions""        ""role_id""        ""uuid""        ""YES""        
""engagement_role_permissions""        ""engagement_role_id""        ""uuid""        ""YES""        
""engagement_role_permissions""        ""can_assign""        ""boolean""        ""YES""        ""false""
""engagement_role_permissions""        ""can_revoke""        ""boolean""        ""YES""        ""false""
""engagement_role_permissions""        ""applies_to_entity_types""        ""ARRAY""        ""YES""        
""engagement_role_permissions""        ""settings""        ""jsonb""        ""YES""        
""engagement_role_permissions""        ""created_at""        ""timestamp with time zone""        ""YES""        ""now()""
""engagement_role_permissions""        ""updated_at""        ""timestamp with time zone""        ""YES""        ""now()""",permissions,,,,null,entity_engagement_role_permissions_pkey,"CHECK (id IS NOT NULL), PRIMARY KEY (id)",,,,,,,,
engagement_role_types,,"""engagement_role_types""        ""id""        ""uuid""        ""NO""        ""uuid_generate_v4()""
""engagement_role_types""        ""name""        ""character varying""        ""NO""        
""engagement_role_types""        ""description""        ""text""        ""YES""        
""engagement_role_types""        ""is_active""        ""boolean""        ""YES""        ""true""
""engagement_role_types""        ""settings""        ""jsonb""        ""YES""        
""engagement_role_types""        ""created_at""        ""timestamp with time zone""        ""YES""        ""now()""
""engagement_role_types""        ""updated_at""        ""timestamp with time zone""        ""YES""        ""now()""",identification,assignments,secondary role assignments to grant priviledges in one off instances,yes,null,entity_engagement_role_types_pkey,"CHECK (id IS NOT NULL), CHECK (name IS NOT NULL), PRIMARY KEY (id), NOT NULL (name)",,,,,,,,
engagement_roles,,"""engagement_roles""        ""id""        ""uuid""        ""NO""        ""uuid_generate_v4()""
""engagement_roles""        ""name""        ""character varying""        ""NO""        
""engagement_roles""        ""description""        ""text""        ""YES""        
""engagement_roles""        ""engagement_role_type_id""        ""uuid""        ""YES""        
""engagement_roles""        ""applies_to_entity_types""        ""ARRAY""        ""YES""        
""engagement_roles""        ""is_active""        ""boolean""        ""YES""        ""true""
""engagement_roles""        ""settings""        ""jsonb""        ""YES""        
""engagement_roles""        ""created_at""        ""timestamp with time zone""        ""YES""        ""now()""
""engagement_roles""        ""updated_at""        ""timestamp with time zone""        ""YES""        ""now()""
""engagement_roles""        ""is_external_visible""        ""boolean""        ""YES""        ""false""",hierarchy,granule team or external based data access with brute force,"give customers certain access, or marketers, referrals",no,null,entity_engagement_roles_pkey,"CHECK (id IS NOT NULL), CHECK (name IS NOT NULL), PRIMARY KEY (id), NOT NULL (name)",,,,,,,,
engagements,,"""engagements""        ""id""        ""uuid""        ""NO""        ""uuid_generate_v4()""
""engagements""        ""entity_id""        ""character varying""        ""YES""        
""engagements""        ""entity_type_id""        ""uuid""        ""YES""        
""engagements""        ""user_id""        ""uuid""        ""YES""        
""engagements""        ""engagement_role_id""        ""uuid""        ""YES""        
""engagements""        ""assigned_at""        ""timestamp with time zone""        ""YES""        
""engagements""        ""assigned_by""        ""uuid""        ""YES""        
""engagements""        ""is_active""        ""boolean""        ""YES""        ""true""
""engagements""        ""metadata""        ""jsonb""        ""YES""        
""engagements""        ""created_at""        ""timestamp with time zone""        ""YES""        ""now()""
""engagements""        ""updated_at""        ""timestamp with time zone""        ""YES""        ""now()""
""engagements""        ""status""        ""character varying""        ""YES""        ""'ACTIVE'::character varying""",parental entity,special access to entities,can be assigned to marketers,yes,null,"idx_engagements_status, entity_engagements_pkey","CHECK (id IS NOT NULL), PRIMARY KEY (id)",,,,,,,,
entities,,"""entities""        ""id""        ""uuid""        ""NO""        ""uuid_generate_v4()""
""entities""        ""entity_type_id""        ""uuid""        ""NO""        
""entities""        ""status""        ""character varying""        ""YES""        ""'ACTIVE'::character varying""
""entities""        ""metadata""        ""jsonb""        ""YES""        
""entities""        ""created_by""        ""uuid""        ""YES""        
""entities""        ""created_at""        ""timestamp with time zone""        ""YES""        ""now()""
""entities""        ""updated_at""        ""timestamp with time zone""        ""YES""        ""now()""",parental entity,,,,entities_entity_type_id_fkey: entity_type_id → entity_types.id,entities_pkey,"CHECK (entity_type_id IS NOT NULL), CHECK (id IS NOT NULL), FOREIGN KEY (entity_type_id) REFERENCES entity_types(id), PRIMARY KEY (id), NOT NULL (entity_type_id)",,,,,,,,
entity_achievement_types,,"""entity_achievement_types""        ""id""        ""uuid""        ""NO""        ""uuid_generate_v4()""
""entity_achievement_types""        ""name""        ""character varying""        ""NO""        
""entity_achievement_types""        ""description""        ""text""        ""YES""        
""entity_achievement_types""        ""icon""        ""character varying""        ""YES""        
""entity_achievement_types""        ""color""        ""character varying""        ""YES""        
""entity_achievement_types""        ""conditions""        ""jsonb""        ""YES""        
""entity_achievement_types""        ""settings""        ""jsonb""        ""YES""        
""entity_achievement_types""        ""created_at""        ""timestamp with time zone""        ""YES""        ""now()""
""entity_achievement_types""        ""updated_at""        ""timestamp with time zone""        ""YES""        ""now()""",identification,write your achievements that you want to track,system outlines what types can be used,yes,null,entity_achievement_types_pkey,"CHECK (id IS NOT NULL), CHECK (name IS NOT NULL), PRIMARY KEY (id), NOT NULL (name)",,,,,,,,
entity_achievements,,"""entity_achievements""        ""id""        ""uuid""        ""NO""        ""uuid_generate_v4()""
""entity_achievements""        ""entity_id""        ""character varying""        ""YES""        
""entity_achievements""        ""entity_type_id""        ""uuid""        ""YES""        
""entity_achievements""        ""achievement_type_id""        ""uuid""        ""YES""        
""entity_achievements""        ""time_period""        ""character varying""        ""YES""        
""entity_achievements""        ""notes""        ""text""        ""YES""        
""entity_achievements""        ""created_by""        ""uuid""        ""YES""        
""entity_achievements""        ""visit_timestamp""        ""timestamp with time zone""        ""YES""        
""entity_achievements""        ""metadata""        ""jsonb""        ""YES""        
""entity_achievements""        ""created_at""        ""timestamp with time zone""        ""YES""        ""now()""
""entity_achievements""        ""updated_at""        ""timestamp with time zone""        ""YES""        ""now()""",tracking,achievements,,,null,entity_achievements_pkey,"CHECK (id IS NOT NULL), PRIMARY KEY (id)",,,,,,,,
entity_card_layout,,"""entity_card_layout""        ""id""        ""uuid""        ""NO""        ""uuid_generate_v4()""
""entity_card_layout""        ""entity_type_id""        ""uuid""        ""YES""        
""entity_card_layout""        ""entity_card_type_id""        ""uuid""        ""YES""        
""entity_card_layout""        ""display_order""        ""integer""        ""YES""        
""entity_card_layout""        ""created_at""        ""timestamp with time zone""        ""YES""        ""now()""
""entity_card_layout""        ""updated_at""        ""timestamp with time zone""        ""YES""        ""now()""
""entity_card_layout""        ""field_mappings""        ""jsonb""        ""YES""        ",containers,maps entity types to card types with display rules,offers easy custom adaptation to custom requests,yes,entity_card_layout_entity_type_id_fkey: entity_type_id → entity_types.id,entity_card_layout_pkey,"CHECK (id IS NOT NULL), FOREIGN KEY (entity_type_id) REFERENCES entity_types(id), PRIMARY KEY (id)",,,,,,,,
entity_cards,,"""entity_cards""        ""id""        ""uuid""        ""NO""        ""uuid_generate_v4()""
""entity_cards""        ""name""        ""character varying""        ""NO""        
""entity_cards""        ""description""        ""text""        ""YES""        
""entity_cards""        ""icon""        ""character varying""        ""YES""        
""entity_cards""        ""color""        ""character varying""        ""YES""        
""entity_cards""        ""is_active""        ""boolean""        ""YES""        ""true""
""entity_cards""        ""display_order""        ""integer""        ""YES""        
""entity_cards""        ""created_at""        ""timestamp with time zone""        ""YES""        ""now()""
""entity_cards""        ""updated_at""        ""timestamp with time zone""        ""YES""        ""now()""
""entity_cards""        ""content_template""        ""jsonb""        ""YES""        ",containers,defines card styles and rendering templates,custom orders,yes,null,entity_cards_pkey,"CHECK (id IS NOT NULL), CHECK (name IS NOT NULL), PRIMARY KEY (id), NOT NULL (name)",,,,,,,,
entity_event_approvals,,"""entity_event_approvals""        ""id""        ""uuid""        ""NO""        ""uuid_generate_v4()""
""entity_event_approvals""        ""entity_event_id""        ""uuid""        ""YES""        
""entity_event_approvals""        ""approval_role_id""        ""uuid""        ""YES""        
""entity_event_approvals""        ""requested_at""        ""timestamp with time zone""        ""YES""        
""entity_event_approvals""        ""requested_by""        ""uuid""        ""YES""        
""entity_event_approvals""        ""status""        ""character varying""        ""YES""        
""entity_event_approvals""        ""approved_at""        ""timestamp with time zone""        ""YES""        
""entity_event_approvals""        ""approved_by""        ""uuid""        ""YES""        
""entity_event_approvals""        ""rejection_reason""        ""text""        ""YES""        
""entity_event_approvals""        ""notes""        ""text""        ""YES""        
""entity_event_approvals""        ""metadata""        ""jsonb""        ""YES""        
""entity_event_approvals""        ""created_at""        ""timestamp with time zone""        ""YES""        ""now()""
""entity_event_approvals""        ""updated_at""        ""timestamp with time zone""        ""YES""        ""now()""",tracking,approvals,,,null,entity_event_approvals_pkey,"CHECK (id IS NOT NULL), PRIMARY KEY (id)",,,,,,,,
entity_event_types,,"""entity_event_types""        ""id""        ""uuid""        ""NO""        ""uuid_generate_v4()""
""entity_event_types""        ""name""        ""character varying""        ""NO""        
""entity_event_types""        ""description""        ""text""        ""YES""        
""entity_event_types""        ""icon""        ""character varying""        ""YES""        
""entity_event_types""        ""color""        ""character varying""        ""YES""        
""entity_event_types""        ""entity_type_id""        ""uuid""        ""YES""        
""entity_event_types""        ""available_to_roles""        ""ARRAY""        ""YES""        
""entity_event_types""        ""needs_approval""        ""boolean""        ""YES""        ""false""
""entity_event_types""        ""approver_roles""        ""ARRAY""        ""YES""        
""entity_event_types""        ""is_active""        ""boolean""        ""YES""        ""true""
""entity_event_types""        ""settings""        ""jsonb""        ""YES""        
""entity_event_types""        ""created_at""        ""timestamp with time zone""        ""YES""        ""now()""
""entity_event_types""        ""updated_at""        ""timestamp with time zone""        ""YES""        ""now()""
""entity_event_types""        ""notification_template_id""        ""uuid""        ""YES""        
""entity_event_types""        ""approval_threshold""        ""integer""        ""YES""        
""entity_event_types""        ""approval_expiry_days""        ""integer""        ""YES""        
""entity_event_types""        ""auto_approve_after_days""        ""integer""        ""YES""        
""entity_event_types""        ""approval_logic""        ""character varying""        ""YES""        ",identification,track events ,system outlines what events / transactions can be tracked,yes,null,entity_event_types_pkey,"CHECK (id IS NOT NULL), CHECK (name IS NOT NULL), PRIMARY KEY (id), NOT NULL (name)",,,,,,,,
entity_events,,"""entity_events""        ""id""        ""uuid""        ""NO""        ""uuid_generate_v4()""
""entity_events""        ""entity_id""        ""uuid""        ""NO""        
""entity_events""        ""entity_type_id""        ""uuid""        ""NO""        
""entity_events""        ""entity_event_type""        ""character varying""        ""YES""        
""entity_events""        ""entity_event_id""        ""uuid""        ""YES""        
""entity_events""        ""action""        ""character varying""        ""YES""        
""entity_events""        ""performed_by""        ""uuid""        ""YES""        
""entity_events""        ""performed_at""        ""timestamp with time zone""        ""YES""        ""now()""
""entity_events""        ""previous_state""        ""jsonb""        ""YES""        
""entity_events""        ""new_state""        ""jsonb""        ""YES""        
""entity_events""        ""change_summary""        ""text""        ""YES""        
""entity_events""        ""metadata""        ""jsonb""        ""YES""        
""entity_events""        ""created_at""        ""timestamp with time zone""        ""YES""        ""now()""",tracking,events,,,"entity_events_entity_id_fkey: entity_id → entities.id
entity_events_entity_type_id_fkey: entity_type_id → entity_types.id
entity_events_performed_by_fkey: performed_by → users.id",entity_events_pkey,"CHECK (entity_id IS NOT NULL), CHECK (entity_type_id IS NOT NULL), CHECK (id IS NOT NULL), FOREIGN KEY (entity_id) REFERENCES entities(id), FOREIGN KEY (entity_type_id) REFERENCES entity_types(id), FOREIGN KEY (performed_by) REFERENCES users(id), PRIMARY KEY (id), NOT NULL (entity_id), NOT NULL (entity_type_id)",,,,,,,,
entity_files,,"""entity_files""        ""id""        ""uuid""        ""NO""        ""uuid_generate_v4()""
""entity_files""        ""entity_id""        ""uuid""        ""NO""        
""entity_files""        ""entity_type""        ""character varying""        ""NO""        
""entity_files""        ""file_type""        ""character varying""        ""NO""        
""entity_files""        ""name""        ""character varying""        ""NO""        
""entity_files""        ""drive_file_id""        ""character varying""        ""NO""        
""entity_files""        ""drive_view_link""        ""text""        ""YES""        
""entity_files""        ""drive_download_link""        ""text""        ""YES""        
""entity_files""        ""thumbnail_url""        ""text""        ""YES""        
""entity_files""        ""mime_type""        ""character varying""        ""YES""        
""entity_files""        ""size""        ""bigint""        ""YES""        
""entity_files""        ""created_by""        ""uuid""        ""YES""        
""entity_files""        ""metadata""        ""jsonb""        ""YES""        
""entity_files""        ""created_at""        ""timestamp with time zone""        ""NO""        ""now()""
""entity_files""        ""updated_at""        ""timestamp with time zone""        ""NO""        ""now()""",joining table,,"Stores files (documents, images, etc.) associated with any entity in the system using a polymorphic relationship.",,entity_files_created_by_fkey: created_by → users.id,"idx_entity_files_entity_type, idx_entity_files_drive_file_id, entity_files_pkey, idx_entity_files_entity_id, idx_entity_files_file_type","CHECK (created_at IS NOT NULL), CHECK (drive_file_id IS NOT NULL), CHECK (entity_id IS NOT NULL), CHECK (entity_type IS NOT NULL), CHECK (file_type IS NOT NULL), CHECK (id IS NOT NULL), CHECK (name IS NOT NULL), CHECK (updated_at IS NOT NULL), FOREIGN KEY (created_by) REFERENCES users(id), PRIMARY KEY (id), NOT NULL (drive_file_id), NOT NULL (entity_id), NOT NULL (entity_type), NOT NULL (file_type), NOT NULL (name)",,,,,,,,
entity_managers,,"""entity_managers""        ""id""        ""uuid""        ""NO""        ""uuid_generate_v4()""
""entity_managers""        ""entity_id""        ""uuid""        ""NO""        
""entity_managers""        ""user_id""        ""uuid""        ""NO""        
""entity_managers""        ""role_id""        ""uuid""        ""NO""        
""entity_managers""        ""assigned_at""        ""timestamp with time zone""        ""YES""        ""now()""
""entity_managers""        ""assigned_by""        ""uuid""        ""YES""        
""entity_managers""        ""is_active""        ""boolean""        ""YES""        ""true""
""entity_managers""        ""metadata""        ""jsonb""        ""YES""        
""entity_managers""        ""created_at""        ""timestamp with time zone""        ""YES""        ""now()""
""entity_managers""        ""updated_at""        ""timestamp with time zone""        ""YES""        ""now()""",hierarchy,where we assign users to entities - this renders the data view,roles are given certain permissions over entities - not a real reason for primamry.  when we develop the salesTracking we may add to this.,yes,"entity_managers_assigned_by_fkey: assigned_by → users.id
entity_managers_entity_id_fkey: entity_id → entities.id
entity_managers_user_id_fkey: user_id → users.id",entity_managers_pkey,"CHECK (entity_id IS NOT NULL), CHECK (id IS NOT NULL), CHECK (role_id IS NOT NULL), CHECK (user_id IS NOT NULL), FOREIGN KEY (assigned_by) REFERENCES users(id), FOREIGN KEY (entity_id) REFERENCES entities(id), FOREIGN KEY (user_id) REFERENCES users(id), PRIMARY KEY (id), NOT NULL (entity_id), NOT NULL (role_id), NOT NULL (user_id)",,,,,,,,
entity_matches,,"""entity_matches""        ""id""        ""uuid""        ""NO""        
""entity_matches""        ""digital_lead_id""        ""uuid""        ""YES""        
""entity_matches""        ""matched_entity_id""        ""uuid""        ""NO""        
""entity_matches""        ""matched_entity_type""        ""character varying""        ""NO""        
""entity_matches""        ""match_confidence""        ""numeric""        ""YES""        
""entity_matches""        ""match_criteria""        ""jsonb""        ""YES""        
""entity_matches""        ""is_confirmed""        ""boolean""        ""YES""        ""false""
""entity_matches""        ""confirmed_by""        ""uuid""        ""YES""        
""entity_matches""        ""created_at""        ""timestamp without time zone""        ""NO""        
""entity_matches""        ""updated_at""        ""timestamp without time zone""        ""NO""        ",records,,,,entity_matches_digital_lead_id_fkey: digital_lead_id → digital_leads.id,entity_matches_pkey,"CHECK (created_at IS NOT NULL), CHECK (id IS NOT NULL), CHECK (matched_entity_id IS NOT NULL), CHECK (matched_entity_type IS NOT NULL), CHECK (updated_at IS NOT NULL), FOREIGN KEY (digital_lead_id) REFERENCES digital_leads(id), PRIMARY KEY (id), NOT NULL (created_at), NOT NULL (id), NOT NULL (matched_entity_id), NOT NULL (matched_entity_type), NOT NULL (updated_at)",,digital lead capture matches record in database,,,,,,
entity_photos,,"""entity_photos""        ""id""        ""uuid""        ""NO""        ""uuid_generate_v4()""
""entity_photos""        ""entity_id""        ""character varying""        ""YES""        
""entity_photos""        ""entity_type_id""        ""uuid""        ""YES""        
""entity_photos""        ""photo_url""        ""character varying""        ""NO""        
""entity_photos""        ""photo_type""        ""character varying""        ""YES""        
""entity_photos""        ""is_primary""        ""boolean""        ""YES""        ""false""
""entity_photos""        ""description""        ""text""        ""YES""        
""entity_photos""        ""created_by""        ""uuid""        ""YES""        
""entity_photos""        ""metadata""        ""jsonb""        ""YES""        
""entity_photos""        ""created_at""        ""timestamp with time zone""        ""YES""        ""now()""
""entity_photos""        ""updated_at""        ""timestamp with time zone""        ""YES""        ""now()""",joining table,shortcut to google drive - profile photos,"Specifically stores photos associated with entities, with metadata specific to images.",,null,entity_photos_pkey,"CHECK (id IS NOT NULL), CHECK (photo_url IS NOT NULL), PRIMARY KEY (id), NOT NULL (photo_url)",,,,,,,,
entity_touchpoints,,"""entity_touchpoints""        ""id""        ""uuid""        ""NO""        ""uuid_generate_v4()""
""entity_touchpoints""        ""entity_id""        ""character varying""        ""YES""        
""entity_touchpoints""        ""entity_type_id""        ""uuid""        ""YES""        
""entity_touchpoints""        ""touchpoint_code_id""        ""uuid""        ""YES""        
""entity_touchpoints""        ""notes""        ""text""        ""YES""        
""entity_touchpoints""        ""status""        ""character varying""        ""YES""        
""entity_touchpoints""        ""created_by""        ""uuid""        ""YES""        
""entity_touchpoints""        ""created_at""        ""timestamp with time zone""        ""YES""        ""now()""
""entity_touchpoints""        ""updated_at""        ""timestamp with time zone""        ""YES""        ""now()""",joining table,,"Records customer interaction points (calls, emails, meetings) linked to any entity via polymorphic relationship.",,"entity_touchpoints_created_by_fkey: created_by → users.id
entity_touchpoints_entity_type_id_fkey: entity_type_id → entity_types.id
entity_touchpoints_touchpoint_code_id_fkey: touchpoint_code_id → touchpoint_types.id",entity_touchpoints_pkey,"CHECK (id IS NOT NULL), FOREIGN KEY (created_by) REFERENCES users(id), FOREIGN KEY (entity_type_id) REFERENCES entity_types(id), FOREIGN KEY (touchpoint_code_id) REFERENCES touchpoint_types(id), PRIMARY KEY (id)",,,,,,,,
entity_types,,"""entity_types""        ""id""        ""uuid""        ""NO""        ""uuid_generate_v4()""
""entity_types""        ""display_name""        ""character varying""        ""NO""        
""entity_types""        ""parent_category""        ""character varying""        ""YES""        
""entity_types""        ""is_filterable""        ""boolean""        ""YES""        ""true""
""entity_types""        ""settings""        ""jsonb""        ""YES""        
""entity_types""        ""created_at""        ""timestamp with time zone""        ""YES""        ""now()""
""entity_types""        ""updated_at""        ""timestamp with time zone""        ""YES""        ""now()""",identification,structural records,"Defines the fundamental entity types in the system. This table is crucial as it categorizes all primary data objects that flow through the salesBlanket application (addresses, contacts, opportunities). These entities represent the core objects that forms will be created for.",,null,entity_types_pkey,"CHECK (display_name IS NOT NULL), CHECK (id IS NOT NULL), PRIMARY KEY (id), NOT NULL (display_name)",,,,,,,,
entity_zones,,"""entity_zones""        ""id""        ""uuid""        ""NO""        ""uuid_generate_v4()""
""entity_zones""        ""entity_id""        ""character varying""        ""YES""        
""entity_zones""        ""zone_id""        ""uuid""        ""YES""        
""entity_zones""        ""relationship_type""        ""character varying""        ""YES""        
""entity_zones""        ""is_primary""        ""boolean""        ""YES""        ""false""
""entity_zones""        ""metadata""        ""jsonb""        ""YES""        
""entity_zones""        ""created_at""        ""timestamp with time zone""        ""YES""        ""now()""
""entity_zones""        ""updated_at""        ""timestamp with time zone""        ""YES""        ""now()""",geo location,territorial control of entities,included in the salesWarBoard ,no - relases in beta with salesBlanket v1.0 - all customers will get salesWarBoard for free grandfathered in if they sign up in beta and sign on as a customer for v1.0,null,entity_zones_pkey,"CHECK (id IS NOT NULL), PRIMARY KEY (id)",,,,,,,,
estimate_components,,"""estimate_components""        ""id""        ""uuid""        ""NO""        ""uuid_generate_v4()""
""estimate_components""        ""name""        ""character varying""        ""NO""        
""estimate_components""        ""description""        ""text""        ""YES""        
""estimate_components""        ""component_type""        ""character varying""        ""NO""        
""estimate_components""        ""component_schema""        ""jsonb""        ""NO""        
""estimate_components""        ""organization_id""        ""uuid""        ""YES""        
""estimate_components""        ""department_id""        ""uuid""        ""YES""        
""estimate_components""        ""is_active""        ""boolean""        ""YES""        ""true""
""estimate_components""        ""created_by""        ""uuid""        ""YES""        
""estimate_components""        ""created_at""        ""timestamp with time zone""        ""YES""        ""now()""
""estimate_components""        ""updated_at""        ""timestamp with time zone""        ""YES""        ""now()""",components,estimate building blocks,"Stores individual components within estimates, supporting the drag-and-drop estimate builder functionality.",no,"estimate_components_created_by_fkey: created_by → users.id
estimate_components_department_id_fkey: department_id → departments.id
estimate_components_organization_id_fkey: organization_id → organizations.id",estimate_components_pkey,"CHECK (component_schema IS NOT NULL), CHECK (component_type IS NOT NULL), CHECK (id IS NOT NULL), CHECK (name IS NOT NULL), FOREIGN KEY (created_by) REFERENCES users(id), FOREIGN KEY (department_id) REFERENCES departments(id), FOREIGN KEY (organization_id) REFERENCES organizations(id), PRIMARY KEY (id), NOT NULL (component_schema), NOT NULL (component_type), NOT NULL (name)",,,,,,,,
estimate_types,,"""estimate_types""        ""id""        ""uuid""        ""NO""        ""uuid_generate_v4()""
""estimate_types""        ""name""        ""character varying""        ""NO""        
""estimate_types""        ""description""        ""text""        ""YES""        
""estimate_types""        ""template_id""        ""character varying""        ""YES""        
""estimate_types""        ""requires_signature""        ""boolean""        ""YES""        ""true""
""estimate_types""        ""fields""        ""jsonb""        ""YES""        
""estimate_types""        ""settings""        ""jsonb""        ""YES""        
""estimate_types""        ""created_at""        ""timestamp with time zone""        ""YES""        ""now()""
""estimate_types""        ""updated_at""        ""timestamp with time zone""        ""YES""        ""now()""",identification,estimate/financial items - dynamic,"Categorizes different types of estimates that can be created in the system. This allows for specific templates and workflows based on the type of estimate being created, supporting salesBlanket's drag-and-drop estimate builder.",,null,estimate_types_pkey,"CHECK (id IS NOT NULL), CHECK (name IS NOT NULL), PRIMARY KEY (id), NOT NULL (name)",,,,,,,,
estimates,,"""estimates""        ""id""        ""uuid""        ""NO""        
""estimates""        ""collection_id""        ""uuid""        ""NO""        
""estimates""        ""entity_id""        ""uuid""        ""NO""        
""estimates""        ""entity_type""        ""character varying""        ""NO""        
""estimates""        ""estimate_type_id""        ""uuid""        ""NO""        
""estimates""        ""name""        ""character varying""        ""YES""        
""estimates""        ""status""        ""character varying""        ""YES""        ""'DRAFT'::character varying""
""estimates""        ""total_amount""        ""numeric""        ""YES""        
""estimates""        ""description""        ""text""        ""YES""        
""estimates""        ""valid_until""        ""timestamp without time zone""        ""YES""        
""estimates""        ""is_public""        ""boolean""        ""YES""        ""false""
""estimates""        ""public_token""        ""character varying""        ""YES""        
""estimates""        ""created_by""        ""uuid""        ""NO""        
""estimates""        ""metadata""        ""jsonb""        ""YES""        
""estimates""        ""created_at""        ""timestamp without time zone""        ""NO""        
""estimates""        ""updated_at""        ""timestamp without time zone""        ""NO""        
""estimates""        ""form_definition_id""        ""uuid""        ""YES""        
""estimates""        ""form_version""        ""integer""        ""YES""        ",interface,estimate/financial items - dynamic,"Estimates are a critical component of the salesBlanket application that serve as formal pricing proposals to customers. They combine product/service selections, pricing calculations, customer information, and visual elements (like photos and annotations) into a professional document that can be presented to customers for approval.",,null,estimates_pkey,"CHECK (collection_id IS NOT NULL), CHECK (created_at IS NOT NULL), CHECK (created_by IS NOT NULL), CHECK (entity_id IS NOT NULL), CHECK (entity_type IS NOT NULL), CHECK (estimate_type_id IS NOT NULL), CHECK (id IS NOT NULL), CHECK (updated_at IS NOT NULL), PRIMARY KEY (id), NOT NULL (collection_id), NOT NULL (created_at), NOT NULL (created_by), NOT NULL (entity_id), NOT NULL (entity_type), NOT NULL (estimate_type_id), NOT NULL (id), NOT NULL (updated_at)",,,,,,,,
event_contact_roles,ContactRoleSelector component; Assigns specific roles to contacts for different events,"""event_contact_roles""        ""id""        ""uuid""        ""NO""        ""uuid_generate_v4()""
""event_contact_roles""        ""event_id""        ""uuid""        ""NO""        
""event_contact_roles""        ""event_type""        ""character varying""        ""NO""        
""event_contact_roles""        ""contact_id""        ""uuid""        ""YES""        
""event_contact_roles""        ""role_type""        ""character varying""        ""NO""        
""event_contact_roles""        ""is_notified""        ""boolean""        ""YES""        ""false""
""event_contact_roles""        ""created_at""        ""timestamp with time zone""        ""YES""        ""now()""",joining table,role assignments,"Associates contacts with specific events (opportunities, estimates) with defined roles for targeted notifications",yes,event_contact_roles_contact_id_fkey: contact_id → contacts.id,"idx_event_contact_roles_event, event_contact_roles_pkey, idx_event_contact_roles_contact","CHECK (event_id IS NOT NULL), CHECK (event_type IS NOT NULL), CHECK (id IS NOT NULL), CHECK (role_type IS NOT NULL), FOREIGN KEY (contact_id) REFERENCES contacts(id), PRIMARY KEY (id), NOT NULL (event_id), NOT NULL (event_type), NOT NULL (role_type)",,opportunity/estimate creation or manual assignment,,,notification rules check,cascade delete when parent event is deleted,,
external_partner_catalog,,"""external_partner_catalog""        ""id""        ""uuid""        ""NO""        
""external_partner_catalog""        ""partner_id""        ""uuid""        ""YES""        
""external_partner_catalog""        ""catalog_version""        ""character varying""        ""NO""        
""external_partner_catalog""        ""effective_date""        ""date""        ""NO""        
""external_partner_catalog""        ""expiry_date""        ""date""        ""YES""        
""external_partner_catalog""        ""status""        ""character varying""        ""YES""        ""'DRAFT'::character varying""
""external_partner_catalog""        ""approval_workflow_id""        ""uuid""        ""YES""        
""external_partner_catalog""        ""notes""        ""text""        ""YES""        
""external_partner_catalog""        ""created_at""        ""timestamp with time zone""        ""YES""        ""now()""
""external_partner_catalog""        ""updated_at""        ""timestamp with time zone""        ""YES""        ""now()""",external access,integrate B2B pricing,coming 2nd beta release,no,external_partner_catalog_partner_id_fkey: partner_id → external_partners.id,"external_partner_catalog_partner_id_catalog_version_key, external_partner_catalog_pkey, idx_external_partner_catalog_status, idx_external_partner_catalog_partner","CHECK (catalog_version IS NOT NULL), CHECK (effective_date IS NOT NULL), CHECK (id IS NOT NULL), FOREIGN KEY (partner_id) REFERENCES external_partners(id), PRIMARY KEY (id), UNIQUE (catalog_version), UNIQUE (partner_id), NOT NULL (catalog_version), NOT NULL (effective_date), NOT NULL (id)",,,,,,,,
external_partners,,"""external_partners""        ""id""        ""uuid""        ""NO""        
""external_partners""        ""partner_type""        ""character varying""        ""NO""        
""external_partners""        ""name""        ""character varying""        ""NO""        
""external_partners""        ""company_id""        ""character varying""        ""YES""        
""external_partners""        ""tax_id""        ""character varying""        ""YES""        
""external_partners""        ""contact_email""        ""character varying""        ""YES""        
""external_partners""        ""contact_phone""        ""character varying""        ""YES""        
""external_partners""        ""status""        ""character varying""        ""YES""        ""'ACTIVE'::character varying""
""external_partners""        ""onboarding_date""        ""date""        ""YES""        
""external_partners""        ""approval_status""        ""character varying""        ""YES""        ""'PENDING'::character varying""
""external_partners""        ""approved_by""        ""uuid""        ""YES""        
""external_partners""        ""metadata""        ""jsonb""        ""YES""        
""external_partners""        ""created_at""        ""timestamp with time zone""        ""YES""        ""now()""
""external_partners""        ""updated_at""        ""timestamp with time zone""        ""YES""        ""now()""",external access,B2B wiring,coming 2nd beta release,no,external_partners_approved_by_fkey: approved_by → users.id,"external_partners_pkey, idx_external_partners_status, idx_external_partners_type","CHECK (id IS NOT NULL), CHECK (name IS NOT NULL), CHECK (partner_type IS NOT NULL), FOREIGN KEY (approved_by) REFERENCES users(id), PRIMARY KEY (id), NOT NULL (id), NOT NULL (name), NOT NULL (partner_type)",,,,,,,,
external_user_profiles,,"""external_user_profiles""        ""id""        ""uuid""        ""NO""        
""external_user_profiles""        ""user_id""        ""uuid""        ""NO""        
""external_user_profiles""        ""company""        ""character varying""        ""YES""        
""external_user_profiles""        ""position""        ""character varying""        ""YES""        
""external_user_profiles""        ""access_reason""        ""text""        ""YES""        
""external_user_profiles""        ""internal_sponsor_id""        ""uuid""        ""YES""        
""external_user_profiles""        ""metadata""        ""jsonb""        ""YES""        
""external_user_profiles""        ""created_at""        ""timestamp with time zone""        ""YES""        ""now()""
""external_user_profiles""        ""updated_at""        ""timestamp with time zone""        ""YES""        ""now()""",external access,setup for partners to sell - tracking purposes,coming 2nd beta release,no,"external_user_profiles_internal_sponsor_id_fkey: internal_sponsor_id → users.id
external_user_profiles_user_id_fkey: user_id → users.id",external_user_profiles_pkey,"CHECK (id IS NOT NULL), CHECK (user_id IS NOT NULL), FOREIGN KEY (internal_sponsor_id) REFERENCES users(id), FOREIGN KEY (user_id) REFERENCES users(id), PRIMARY KEY (id), NOT NULL (id), NOT NULL (user_id)",,,,,,,,
field_permissions,FieldPermissionsEditor component; Controls field-level security,"""field_permissions""        ""id""        ""uuid""        ""NO""        ""uuid_generate_v4()""
""field_permissions""        ""table_name""        ""character varying""        ""NO""        
""field_permissions""        ""column_name""        ""character varying""        ""NO""        
""field_permissions""        ""permission_type""        ""character varying""        ""NO""        
""field_permissions""        ""role_id""        ""uuid""        ""YES""        
""field_permissions""        ""is_allowed""        ""boolean""        ""YES""        ""false""
""field_permissions""        ""created_at""        ""timestamp with time zone""        ""YES""        ""now()""",permissions,field-level,"Provides granular control over field-level permissions for viewing, editing, and API access",yes,field_permissions_role_id_fkey: role_id → roles.id,"field_permissions_pkey, idx_field_perm_unique","CHECK (column_name IS NOT NULL), CHECK (id IS NOT NULL), CHECK (permission_type IS NOT NULL), CHECK (table_name IS NOT NULL), FOREIGN KEY (role_id) REFERENCES roles(id), PRIMARY KEY (id), NOT NULL (column_name), NOT NULL (permission_type), NOT NULL (table_name)",,permission configuration,,,permission cache update,cascade delete when role is deleted,,
filter_fields,,"""filter_fields""        ""id""        ""uuid""        ""NO""        ""uuid_generate_v4()""
""filter_fields""        ""entity_type_id""        ""uuid""        ""YES""        
""filter_fields""        ""field_name""        ""character varying""        ""NO""        
""filter_fields""        ""display_name""        ""character varying""        ""NO""        
""filter_fields""        ""field_type""        ""character varying""        ""NO""        
""filter_fields""        ""is_filterable""        ""boolean""        ""YES""        ""true""
""filter_fields""        ""is_searchable""        ""boolean""        ""YES""        ""true""
""filter_fields""        ""filter_operators""        ""jsonb""        ""YES""        
""filter_fields""        ""default_operator""        ""character varying""        ""YES""        
""filter_fields""        ""sort_order""        ""integer""        ""YES""        
""filter_fields""        ""created_at""        ""timestamp with time zone""        ""YES""        ""now()""
""filter_fields""        ""updated_at""        ""timestamp with time zone""        ""YES""        ""now()""",identification,filters,"Defines fields that can be used for filtering and sorting in the salesBlanket application. This supports customizable views and reports, allowing users to filter entities based on specific criteria.",,filter_fields_entity_type_id_fkey: entity_type_id → entity_types.id,filter_fields_pkey,"CHECK (display_name IS NOT NULL), CHECK (field_name IS NOT NULL), CHECK (field_type IS NOT NULL), CHECK (id IS NOT NULL), FOREIGN KEY (entity_type_id) REFERENCES entity_types(id), PRIMARY KEY (id), NOT NULL (display_name), NOT NULL (field_name), NOT NULL (field_type)",,,,,,,,
form_access_controls,PermissionsManager component; Controls visibility of forms to different user roles,"""form_access_controls""        ""id""        ""uuid""        ""NO""        ""uuid_generate_v4()""
""form_access_controls""        ""form_definition_id""        ""uuid""        ""NO""        
""form_access_controls""        ""permission_id""        ""uuid""        ""YES""        
""form_access_controls""        ""department_id""        ""uuid""        ""YES""        
""form_access_controls""        ""can_view""        ""boolean""        ""YES""        ""true""
""form_access_controls""        ""can_use""        ""boolean""        ""YES""        ""true""
""form_access_controls""        ""can_edit""        ""boolean""        ""YES""        ""false""
""form_access_controls""        ""created_at""        ""timestamp with time zone""        ""YES""        ""now()""
""form_access_controls""        ""updated_at""        ""timestamp with time zone""        ""YES""        ""now()""",permissions,form system,"Controls which roles and departments can access specific forms, providing granular permission management for your form system.",yes,"form_access_controls_department_id_fkey: department_id → departments.id
form_access_controls_permission_id_fkey: permission_id → permissions.id",form_access_controls_pkey,"CHECK (form_definition_id IS NOT NULL), CHECK (id IS NOT NULL), FOREIGN KEY (department_id) REFERENCES departments(id), FOREIGN KEY (permission_id) REFERENCES permissions(id), PRIMARY KEY (id), NOT NULL (form_definition_id)",,,,,,,,
form_categories,CategorySelector component; Used in form builder and search interfaces,"""form_categories""        ""id""        ""uuid""        ""NO""        ""uuid_generate_v4()""
""form_categories""        ""name""        ""character varying""        ""NO""        
""form_categories""        ""description""        ""text""        ""YES""        
""form_categories""        ""is_active""        ""boolean""        ""YES""        ""true""
""form_categories""        ""created_by""        ""uuid""        ""YES""        
""form_categories""        ""created_at""        ""timestamp with time zone""        ""YES""        ""now()""",modern form system,forms,"Defines categories for forms like ""Insurance"" and ""Retail"" to help organize opportunity forms.",,form_categories_created_by_fkey: created_by → users.id,form_categories_pkey,"CHECK (id IS NOT NULL), CHECK (name IS NOT NULL), FOREIGN KEY (created_by) REFERENCES users(id), PRIMARY KEY (id), NOT NULL (name)",,,,,,,,
form_component_usage,FormDesigner component; Manages component arrangement and configuration,"""form_component_usage""        ""id""        ""uuid""        ""NO""        ""uuid_generate_v4()""
""form_component_usage""        ""form_definition_id""        ""uuid""        ""YES""        
""form_component_usage""        ""component_id""        ""uuid""        ""YES""        
""form_component_usage""        ""display_order""        ""integer""        ""NO""        
""form_component_usage""        ""custom_config""        ""jsonb""        ""YES""        
""form_component_usage""        ""created_at""        ""timestamp with time zone""        ""YES""        ""now()""",modern form system,forms,"Maps components to form definitions with ordering and custom configuration, allowing you to reuse components across multiple forms.",,form_component_usage_component_id_fkey: component_id → form_components.id,"idx_component_usage_form, form_component_usage_pkey","CHECK (display_order IS NOT NULL), CHECK (id IS NOT NULL), FOREIGN KEY (component_id) REFERENCES form_components(id), PRIMARY KEY (id), NOT NULL (display_order)",,,,,,,,
form_components,"ComponentLibrary, ComponentConfigurator components; Provides drag-and-drop elements for form building","""form_components""        ""id""        ""uuid""        ""NO""        ""uuid_generate_v4()""
""form_components""        ""name""        ""character varying""        ""NO""        
""form_components""        ""description""        ""text""        ""YES""        
""form_components""        ""component_type""        ""character varying""        ""NO""        
""form_components""        ""default_config""        ""jsonb""        ""NO""        
""form_components""        ""is_active""        ""boolean""        ""YES""        ""true""
""form_components""        ""is_public""        ""boolean""        ""YES""        ""false""
""form_components""        ""organization_id""        ""uuid""        ""YES""        
""form_components""        ""created_by""        ""uuid""        ""YES""        
""form_components""        ""created_at""        ""timestamp with time zone""        ""YES""        ""now()""
""form_components""        ""updated_at""        ""timestamp with time zone""        ""YES""        ""now()""",modern form system,forms,"Defines reusable components for forms, like text fields, photo galleries, document uploads, etc.",,"form_components_created_by_fkey: created_by → users.id
form_components_organization_id_fkey: organization_id → organizations.id","form_components_pkey, idx_form_components_type, idx_form_components_org","CHECK (component_type IS NOT NULL), CHECK (default_config IS NOT NULL), CHECK (id IS NOT NULL), CHECK (name IS NOT NULL), FOREIGN KEY (created_by) REFERENCES users(id), FOREIGN KEY (organization_id) REFERENCES organizations(id), PRIMARY KEY (id), NOT NULL (component_type), NOT NULL (default_config), NOT NULL (name)",,,,,,,,
form_definitions,"FormBuilder, FormRenderer components; Defines structure of dynamic forms; Used for creating and displaying entity forms","""form_definitions""        ""id""        ""uuid""        ""NO""        ""uuid_generate_v4()""
""form_definitions""        ""name""        ""character varying""        ""NO""        
""form_definitions""        ""description""        ""text""        ""YES""        
""form_definitions""        ""organization_id""        ""uuid""        ""YES""        
""form_definitions""        ""department_id""        ""uuid""        ""YES""        
""form_definitions""        ""entity_type_id""        ""uuid""        ""YES""        
""form_definitions""        ""entity_subtype_id""        ""uuid""        ""YES""        
""form_definitions""        ""category_id""        ""uuid""        ""YES""        
""form_definitions""        ""form_level""        ""character varying""        ""NO""        
""form_definitions""        ""form_schema""        ""jsonb""        ""NO""        
""form_definitions""        ""version""        ""integer""        ""NO""        ""1""
""form_definitions""        ""is_active""        ""boolean""        ""YES""        ""true""
""form_definitions""        ""is_public""        ""boolean""        ""YES""        ""false""
""form_definitions""        ""created_by""        ""uuid""        ""YES""        
""form_definitions""        ""created_at""        ""timestamp with time zone""        ""YES""        ""now()""
""form_definitions""        ""updated_at""        ""timestamp with time zone""        ""YES""        ""now()""
""form_definitions""        ""auto_versioning""        ""boolean""        ""YES""        ""true""
""form_definitions""        ""metadata""        ""jsonb""        ""YES""        ""'{}'::jsonb""",modern form system,,"Stores form definitions as JSON schemas. Each form has a type (contact, opportunity), level (base, type, category, specialized), and can be associated with organizations and departments.",,"form_definitions_category_id_fkey: category_id → form_categories.id
form_definitions_created_by_fkey: created_by → users.id
form_definitions_department_id_fkey: department_id → departments.id
form_definitions_entity_type_id_fkey: entity_type_id → entity_types.id
form_definitions_organization_id_fkey: organization_id → organizations.id","idx_form_definitions_category, idx_form_definitions_subtype, idx_form_definitions_entity_type, form_definitions_pkey","CHECK (((form_level)::text = ANY ((ARRAY['BASE'::character varying, 'TYPE'::character varying, 'CATEGORY'::character varying, 'SPECIALIZED'::character varying])::text[]))), CHECK (form_level IS NOT NULL), CHECK (form_schema IS NOT NULL), CHECK (id IS NOT NULL), CHECK (name IS NOT NULL), CHECK (version IS NOT NULL), FOREIGN KEY (category_id) REFERENCES form_categories(id), FOREIGN KEY (created_by) REFERENCES users(id), FOREIGN KEY (department_id) REFERENCES departments(id), FOREIGN KEY (entity_type_id) REFERENCES entity_types(id), FOREIGN KEY (organization_id) REFERENCES organizations(id), PRIMARY KEY (id), NOT NULL (form_level), NOT NULL (form_schema), NOT NULL (name)",,,,,,,,
form_draft_states,,"""form_draft_states""        ""id""        ""uuid""        ""NO""        ""uuid_generate_v4()""
""form_draft_states""        ""form_definition_id""        ""uuid""        ""YES""        
""form_draft_states""        ""editor_user_id""        ""uuid""        ""YES""        
""form_draft_states""        ""draft_state""        ""jsonb""        ""NO""        
""form_draft_states""        ""last_saved_at""        ""timestamp with time zone""        ""YES""        ""now()""
""form_draft_states""        ""created_at""        ""timestamp with time zone""        ""YES""        ""now()""",forms,,,,"form_draft_states_editor_user_id_fkey: editor_user_id → users.id
form_draft_states_form_definition_id_fkey: form_definition_id → form_definitions.id","form_draft_states_pkey, idx_form_drafts_form, idx_form_drafts_user","CHECK (draft_state IS NOT NULL), CHECK (id IS NOT NULL), FOREIGN KEY (editor_user_id) REFERENCES users(id), FOREIGN KEY (form_definition_id) REFERENCES form_definitions(id), PRIMARY KEY (id), NOT NULL (draft_state)",,,,,,,,
form_versions,"FormVersionSelector, FormHistoryViewer components; Shows version history and allows reverting to previous versions","""form_versions""        ""id""        ""uuid""        ""NO""        ""uuid_generate_v4()""
""form_versions""        ""form_definition_id""        ""uuid""        ""YES""        
""form_versions""        ""version""        ""integer""        ""NO""        
""form_versions""        ""form_schema""        ""jsonb""        ""NO""        
""form_versions""        ""created_by""        ""uuid""        ""YES""        
""form_versions""        ""created_at""        ""timestamp with time zone""        ""YES""        ""now()""",modern form system,forms,"Maintains version history for form definitions, allowing you to track changes over time and ensure backward compatibility.",,"form_versions_created_by_fkey: created_by → users.id
form_versions_form_definition_id_fkey: form_definition_id → form_definitions.id","form_versions_pkey, idx_form_versions_unique","CHECK (form_schema IS NOT NULL), CHECK (id IS NOT NULL), CHECK (version IS NOT NULL), FOREIGN KEY (created_by) REFERENCES users(id), FOREIGN KEY (form_definition_id) REFERENCES form_definitions(id), PRIMARY KEY (id), NOT NULL (form_schema), NOT NULL (version)",,,,,,,,
geographic_zones,,"""geographic_zones""        ""id""        ""uuid""        ""NO""        ""uuid_generate_v4()""
""geographic_zones""        ""parent_id""        ""uuid""        ""YES""        
""geographic_zones""        ""name""        ""character varying""        ""NO""        
""geographic_zones""        ""level""        ""integer""        ""YES""        
""geographic_zones""        ""boundary""        ""USER-DEFINED""        ""YES""        
""geographic_zones""        ""google_place_id""        ""character varying""        ""YES""        
""geographic_zones""        ""place_type""        ""character varying""        ""YES""        
""geographic_zones""        ""metadata""        ""jsonb""        ""YES""        
""geographic_zones""        ""created_at""        ""timestamp with time zone""        ""YES""        ""now()""
""geographic_zones""        ""updated_at""        ""timestamp with time zone""        ""YES""        ""now()""",geo spacial entities,workflows,best suited for multi location customers - you can filter your drives by your created zones,no - release with salesBlanket v1.1,null,geographic_zones_pkey,"CHECK (id IS NOT NULL), CHECK (name IS NOT NULL), PRIMARY KEY (id), NOT NULL (name)",,,,,,,,
goal_types,,"""goal_types""        ""id""        ""uuid""        ""NO""        ""uuid_generate_v4()""
""goal_types""        ""name""        ""character varying""        ""NO""        
""goal_types""        ""description""        ""text""        ""YES""        
""goal_types""        ""target_value""        ""numeric""        ""YES""        
""goal_types""        ""unit""        ""character varying""        ""YES""        
""goal_types""        ""time_period""        ""character varying""        ""YES""        
""goal_types""        ""trigger_type""        ""character varying""        ""YES""        
""goal_types""        ""trigger_details""        ""jsonb""        ""YES""        
""goal_types""        ""is_active""        ""boolean""        ""YES""        ""true""
""goal_types""        ""created_at""        ""timestamp with time zone""        ""YES""        ""now()""
""goal_types""        ""updated_at""        ""timestamp with time zone""        ""YES""        ""now()""",identification,goals,"Defines different types of goals that can be set in the salesBlanket application, supporting performance tracking and management objectives for sales teams.",,null,goal_types_pkey,"CHECK (id IS NOT NULL), CHECK (name IS NOT NULL), PRIMARY KEY (id), NOT NULL (name)",,,,,,,,
group_members,,"""group_members""        ""id""        ""uuid""        ""NO""        
""group_members""        ""group_id""        ""uuid""        ""NO""        
""group_members""        ""user_id""        ""uuid""        ""NO""        
""group_members""        ""role""        ""character varying""        ""YES""        
""group_members""        ""join_date""        ""date""        ""YES""        
""group_members""        ""expiry_date""        ""date""        ""YES""        
""group_members""        ""created_at""        ""timestamp with time zone""        ""YES""        
""group_members""        ""updated_at""        ""timestamp with time zone""        ""YES""        ",hierarchy,build groups for zones,integrated for zones ,no,null,group_members_pkey,"CHECK (group_id IS NOT NULL), CHECK (id IS NOT NULL), CHECK (user_id IS NOT NULL), PRIMARY KEY (id), NOT NULL (group_id), NOT NULL (id), NOT NULL (user_id)",,,,,,,,
group_views,,"""group_views""        ""id""        ""uuid""        ""NO""        ""uuid_generate_v4()""
""group_views""        ""group_id""        ""uuid""        ""YES""        
""group_views""        ""view_configuration_id""        ""uuid""        ""YES""        
""group_views""        ""entity_type_id""        ""uuid""        ""YES""        
""group_views""        ""order_index""        ""integer""        ""YES""        
""group_views""        ""is_default""        ""boolean""        ""YES""        ""false""
""group_views""        ""metadata""        ""jsonb""        ""YES""        
""group_views""        ""created_at""        ""timestamp with time zone""        ""YES""        ""now()""
""group_views""        ""updated_at""        ""timestamp with time zone""        ""YES""        ""now()""",view access,permissions,supposed to help with zone views,no,null,group_views_pkey,"CHECK (id IS NOT NULL), PRIMARY KEY (id)",,,,,,,,
groups,,"""groups""        ""id""        ""uuid""        ""NO""        
""groups""        ""name""        ""character varying""        ""YES""        
""groups""        ""description""        ""text""        ""YES""        
""groups""        ""group_type""        ""character varying""        ""YES""        
""groups""        ""parent_group_id""        ""uuid""        ""YES""        
""groups""        ""is_active""        ""boolean""        ""YES""        ""true""
""groups""        ""created_at""        ""timestamp with time zone""        ""YES""        
""groups""        ""updated_at""        ""timestamp with time zone""        ""YES""        ",parental entity,,,,null,groups_pkey,"CHECK (id IS NOT NULL), PRIMARY KEY (id), NOT NULL (id)",,,,,,,,
item_type_components,,"""item_type_components""        ""id""        ""uuid""        ""NO""        ""uuid_generate_v4()""
""item_type_components""        ""item_type_id""        ""uuid""        ""NO""        
""item_type_components""        ""component_id""        ""uuid""        ""NO""        
""item_type_components""        ""is_required""        ""boolean""        ""YES""        ""false""
""item_type_components""        ""display_order""        ""integer""        ""YES""        ""0""
""item_type_components""        ""created_at""        ""timestamp with time zone""        ""YES""        ""now()""
""item_type_components""        ""updated_at""        ""timestamp with time zone""        ""YES""        ""now()""",components,sales engine,"Maps which components are available for different sales engine item types, supporting configurable product/service definitions.",no,"item_type_components_component_id_fkey: component_id → estimate_components.id
item_type_components_item_type_id_fkey: item_type_id → sales_engine_item_types.id","item_type_components_item_type_id_component_id_key, item_type_components_pkey","CHECK (component_id IS NOT NULL), CHECK (id IS NOT NULL), CHECK (item_type_id IS NOT NULL), FOREIGN KEY (component_id) REFERENCES estimate_components(id), FOREIGN KEY (item_type_id) REFERENCES sales_engine_item_types(id), PRIMARY KEY (id), UNIQUE (component_id), UNIQUE (item_type_id), NOT NULL (component_id), NOT NULL (item_type_id)",,,,,,,,
item_type_forms,,"""item_type_forms""        ""id""        ""uuid""        ""NO""        ""uuid_generate_v4()""
""item_type_forms""        ""item_type_id""        ""uuid""        ""NO""        
""item_type_forms""        ""form_definition_id""        ""uuid""        ""NO""        
""item_type_forms""        ""is_default""        ""boolean""        ""YES""        ""false""
""item_type_forms""        ""created_at""        ""timestamp with time zone""        ""YES""        ""now()""
""item_type_forms""        ""updated_at""        ""timestamp with time zone""        ""YES""        ""now()""",modern form system,sales engine integration,"Associates specific form definitions with sales engine item types, determining which forms are used for configuring different product/service types.",no,item_type_forms_item_type_id_fkey: item_type_id → sales_engine_item_types.id,"item_type_forms_pkey, item_type_forms_item_type_id_form_definition_id_key","CHECK (form_definition_id IS NOT NULL), CHECK (id IS NOT NULL), CHECK (item_type_id IS NOT NULL), FOREIGN KEY (item_type_id) REFERENCES sales_engine_item_types(id), PRIMARY KEY (id), UNIQUE (form_definition_id), UNIQUE (item_type_id), NOT NULL (form_definition_id), NOT NULL (item_type_id)",,,,,,,,
labor_entries,,"""labor_entries""        ""id""        ""uuid""        ""NO""        
""labor_entries""        ""user_id""        ""uuid""        ""NO""        
""labor_entries""        ""item_id""        ""uuid""        ""YES""        
""labor_entries""        ""hours""        ""numeric""        ""NO""        
""labor_entries""        ""rate""        ""numeric""        ""NO""        
""labor_entries""        ""date""        ""date""        ""NO""        
""labor_entries""        ""collection_id""        ""uuid""        ""YES""        
""labor_entries""        ""entity_id""        ""uuid""        ""YES""        
""labor_entries""        ""entity_type""        ""character varying""        ""YES""        
""labor_entries""        ""status""        ""character varying""        ""YES""        ""'PENDING'::character varying""
""labor_entries""        ""created_at""        ""timestamp without time zone""        ""NO""        
""labor_entries""        ""updated_at""        ""timestamp without time zone""        ""NO""        ",components,estimate/financial items - dynamic,labor pricing,no,labor_entries_item_id_fkey: item_id → sales_engine_items.id,labor_entries_pkey,"CHECK (created_at IS NOT NULL), CHECK (date IS NOT NULL), CHECK (hours IS NOT NULL), CHECK (id IS NOT NULL), CHECK (rate IS NOT NULL), CHECK (updated_at IS NOT NULL), CHECK (user_id IS NOT NULL), FOREIGN KEY (item_id) REFERENCES sales_engine_items(id), PRIMARY KEY (id), NOT NULL (created_at), NOT NULL (date), NOT NULL (hours), NOT NULL (id), NOT NULL (rate), NOT NULL (updated_at), NOT NULL (user_id)",,,,,,,,
lead_assignment_rules,,"""lead_assignment_rules""        ""id""        ""uuid""        ""NO""        
""lead_assignment_rules""        ""rule_name""        ""character varying""        ""NO""        
""lead_assignment_rules""        ""criteria""        ""jsonb""        ""NO""        
""lead_assignment_rules""        ""assigned_user_id""        ""uuid""        ""YES""        
""lead_assignment_rules""        ""assigned_team_id""        ""uuid""        ""YES""        
""lead_assignment_rules""        ""is_active""        ""boolean""        ""YES""        ""true""
""lead_assignment_rules""        ""priority""        ""integer""        ""NO""        ""0""
""lead_assignment_rules""        ""created_at""        ""timestamp without time zone""        ""NO""        
""lead_assignment_rules""        ""updated_at""        ""timestamp without time zone""        ""NO""        ",view access,permissions,team assignment - shared rules - allowing viewership of data of certain levels,yes,null,lead_assignment_rules_pkey,"CHECK (created_at IS NOT NULL), CHECK (criteria IS NOT NULL), CHECK (id IS NOT NULL), CHECK (priority IS NOT NULL), CHECK (rule_name IS NOT NULL), CHECK (updated_at IS NOT NULL), PRIMARY KEY (id), NOT NULL (created_at), NOT NULL (criteria), NOT NULL (id), NOT NULL (rule_name), NOT NULL (updated_at)",,,,,,,,
lead_processing_history,,"""lead_processing_history""        ""id""        ""uuid""        ""NO""        
""lead_processing_history""        ""lead_id""        ""uuid""        ""YES""        
""lead_processing_history""        ""action""        ""character varying""        ""NO""        
""lead_processing_history""        ""previous_status""        ""character varying""        ""YES""        
""lead_processing_history""        ""new_status""        ""character varying""        ""YES""        
""lead_processing_history""        ""performed_by""        ""uuid""        ""NO""        
""lead_processing_history""        ""notes""        ""text""        ""YES""        
""lead_processing_history""        ""created_at""        ""timestamp without time zone""        ""NO""        ",tracking,,,,lead_processing_history_lead_id_fkey: lead_id → lead_staging.id,lead_processing_history_pkey,"CHECK (action IS NOT NULL), CHECK (created_at IS NOT NULL), CHECK (id IS NOT NULL), CHECK (performed_by IS NOT NULL), FOREIGN KEY (lead_id) REFERENCES lead_staging(id), PRIMARY KEY (id), NOT NULL (action), NOT NULL (created_at), NOT NULL (id), NOT NULL (performed_by)",,,,,,,,
lead_staging,,"""lead_staging""        ""id""        ""uuid""        ""NO""        
""lead_staging""        ""source""        ""character varying""        ""NO""        
""lead_staging""        ""source_reference""        ""character varying""        ""YES""        
""lead_staging""        ""lead_data""        ""jsonb""        ""NO""        
""lead_staging""        ""ip_address""        ""character varying""        ""YES""        
""lead_staging""        ""user_agent""        ""text""        ""YES""        
""lead_staging""        ""utm_parameters""        ""jsonb""        ""YES""        
""lead_staging""        ""status""        ""character varying""        ""YES""        ""'NEW'::character varying""
""lead_staging""        ""confidence_score""        ""integer""        ""YES""        
""lead_staging""        ""duplicate_check_result""        ""jsonb""        ""YES""        
""lead_staging""        ""assigned_to""        ""uuid""        ""YES""        
""lead_staging""        ""collection_id""        ""uuid""        ""YES""        
""lead_staging""        ""entity_id""        ""uuid""        ""YES""        
""lead_staging""        ""entity_type""        ""character varying""        ""YES""        
""lead_staging""        ""processing_notes""        ""text""        ""YES""        
""lead_staging""        ""created_at""        ""timestamp without time zone""        ""NO""        
""lead_staging""        ""updated_at""        ""timestamp without time zone""        ""NO""        ",management,,Temporarily stores incoming lead data before processing and conversion to contacts/opportunities.,,null,lead_staging_pkey,"CHECK (created_at IS NOT NULL), CHECK (id IS NOT NULL), CHECK (lead_data IS NOT NULL), CHECK (source IS NOT NULL), CHECK (updated_at IS NOT NULL), PRIMARY KEY (id), NOT NULL (created_at), NOT NULL (id), NOT NULL (lead_data), NOT NULL (source), NOT NULL (updated_at)",,,,,,,,
lead_tags,,"""lead_tags""        ""id""        ""uuid""        ""NO""        
""lead_tags""        ""lead_id""        ""uuid""        ""YES""        
""lead_tags""        ""tag""        ""character varying""        ""NO""        
""lead_tags""        ""created_by""        ""uuid""        ""NO""        
""lead_tags""        ""created_at""        ""timestamp without time zone""        ""NO""        ",identification,marketing,"Provides a way to categorize and organize leads with tags, allowing for better segmentation and targeting in the salesBlanket application.",,lead_tags_lead_id_fkey: lead_id → lead_staging.id,"lead_tags_lead_id_tag_key, lead_tags_pkey","CHECK (created_at IS NOT NULL), CHECK (created_by IS NOT NULL), CHECK (id IS NOT NULL), CHECK (tag IS NOT NULL), FOREIGN KEY (lead_id) REFERENCES lead_staging(id), PRIMARY KEY (id), UNIQUE (lead_id), UNIQUE (tag), NOT NULL (created_at), NOT NULL (created_by), NOT NULL (id), NOT NULL (tag)",,,,,,,,
location_departments,,"""location_departments""        ""id""        ""uuid""        ""NO""        ""uuid_generate_v4()""
""location_departments""        ""location_id""        ""uuid""        ""YES""        
""location_departments""        ""department_id""        ""uuid""        ""YES""        
""location_departments""        ""metadata""        ""jsonb""        ""YES""        
""location_departments""        ""created_at""        ""timestamp with time zone""        ""YES""        ""now()""
""location_departments""        ""updated_at""        ""timestamp with time zone""        ""YES""        ""now()""",joining table,,"Associates locations with departments, defining which departments operate in which locations.",,null,location_departments_pkey,"CHECK (id IS NOT NULL), PRIMARY KEY (id)",,,,,,,,
location_documentation,,"""location_documentation""        ""id""        ""uuid""        ""NO""        ""uuid_generate_v4()""
""location_documentation""        ""location_id""        ""uuid""        ""YES""        
""location_documentation""        ""title""        ""character varying""        ""NO""        
""location_documentation""        ""content""        ""text""        ""YES""        
""location_documentation""        ""document_type""        ""character varying""        ""YES""        
""location_documentation""        ""google_doc_id""        ""character varying""        ""YES""        
""location_documentation""        ""version""        ""character varying""        ""YES""        
""location_documentation""        ""is_active""        ""boolean""        ""YES""        ""true""
""location_documentation""        ""requires_acknowledgment""        ""boolean""        ""YES""        ""false""
""location_documentation""        ""voice_enabled""        ""boolean""        ""YES""        ""false""
""location_documentation""        ""metadata""        ""jsonb""        ""YES""        
""location_documentation""        ""created_at""        ""timestamp with time zone""        ""YES""        ""now()""
""location_documentation""        ""updated_at""        ""timestamp with time zone""        ""YES""        ""now()""",joining table,organizational,"Stores documentation specific to locations, such as permits, zoning information, etc.",,null,location_documentation_pkey,"CHECK (id IS NOT NULL), CHECK (title IS NOT NULL), PRIMARY KEY (id), NOT NULL (title)",,,,,,,,
location_drives,,"""location_drives""        ""id""        ""uuid""        ""NO""        ""uuid_generate_v4()""
""location_drives""        ""location_id""        ""uuid""        ""YES""        
""location_drives""        ""drive_id""        ""uuid""        ""YES""        
""location_drives""        ""name""        ""character varying""        ""YES""        
""location_drives""        ""description""        ""text""        ""YES""        
""location_drives""        ""start_date""        ""date""        ""YES""        
""location_drives""        ""end_date""        ""date""        ""YES""        
""location_drives""        ""is_active""        ""boolean""        ""YES""        ""true""
""location_drives""        ""settings""        ""jsonb""        ""YES""        
""location_drives""        ""created_at""        ""timestamp with time zone""        ""YES""        ""now()""
""location_drives""        ""updated_at""        ""timestamp with time zone""        ""YES""        ""now()""",joining table,,"Maps sales drives to specific geographic locations, allowing location-specific sales processes.",,null,location_drives_pkey,"CHECK (id IS NOT NULL), PRIMARY KEY (id)",,,,,,,,
location_goals,,"""location_goals""        ""id""        ""uuid""        ""NO""        
""location_goals""        ""location_id""        ""uuid""        ""YES""        
""location_goals""        ""title""        ""character varying""        ""NO""        
""location_goals""        ""description""        ""text""        ""YES""        
""location_goals""        ""goal_type""        ""character varying""        ""YES""        
""location_goals""        ""target_value""        ""numeric""        ""YES""        
""location_goals""        ""current_value""        ""numeric""        ""YES""        
""location_goals""        ""start_date""        ""date""        ""YES""        
""location_goals""        ""target_date""        ""date""        ""YES""        
""location_goals""        ""status""        ""character varying""        ""YES""        ""'ACTIVE'::character varying""
""location_goals""        ""priority""        ""integer""        ""YES""        
""location_goals""        ""parent_goal_id""        ""uuid""        ""YES""        
""location_goals""        ""created_by""        ""uuid""        ""NO""        
""location_goals""        ""created_at""        ""timestamp without time zone""        ""NO""        
""location_goals""        ""updated_at""        ""timestamp without time zone""        ""NO""        ",joining table,,"Stores performance goals specific to locations, supporting regional target tracking.",,null,location_goals_pkey,"CHECK (created_at IS NOT NULL), CHECK (created_by IS NOT NULL), CHECK (id IS NOT NULL), CHECK (title IS NOT NULL), CHECK (updated_at IS NOT NULL), PRIMARY KEY (id), NOT NULL (created_at), NOT NULL (created_by), NOT NULL (id), NOT NULL (title), NOT NULL (updated_at)",,,,,,,,
location_settings,,"""location_settings""        ""id""        ""uuid""        ""NO""        ""uuid_generate_v4()""
""location_settings""        ""name""        ""character varying""        ""YES""        
""location_settings""        ""street""        ""character varying""        ""YES""        
""location_settings""        ""address_line_2""        ""character varying""        ""YES""        
""location_settings""        ""city""        ""character varying""        ""YES""        
""location_settings""        ""state""        ""character varying""        ""YES""        
""location_settings""        ""postal_code""        ""character varying""        ""YES""        
""location_settings""        ""country""        ""character varying""        ""YES""        
""location_settings""        ""main_phone""        ""character varying""        ""YES""        
""location_settings""        ""website_url""        ""character varying""        ""YES""        
""location_settings""        ""logo_url""        ""character varying""        ""YES""        
""location_settings""        ""industry""        ""character varying""        ""YES""        
""location_settings""        ""default_timezone""        ""character varying""        ""YES""        
""location_settings""        ""default_currency""        ""character varying""        ""YES""        
""location_settings""        ""branding_settings""        ""jsonb""        ""YES""        
""location_settings""        ""metadata""        ""jsonb""        ""YES""        
""location_settings""        ""created_at""        ""timestamp with time zone""        ""YES""        ""now()""
""location_settings""        ""updated_at""        ""timestamp with time zone""        ""YES""        ""now()""",settings,settings,settings,no,null,location_settings_pkey,"CHECK (id IS NOT NULL), PRIMARY KEY (id)",,,,,,,,
location_types,,"""location_types""        ""id""        ""uuid""        ""NO""        ""uuid_generate_v4()""
""location_types""        ""name""        ""character varying""        ""NO""        
""location_types""        ""description""        ""text""        ""YES""        
""location_types""        ""is_active""        ""boolean""        ""YES""        ""true""
""location_types""        ""settings""        ""jsonb""        ""YES""        
""location_types""        ""created_at""        ""timestamp with time zone""        ""YES""        ""now()""
""location_types""        ""updated_at""        ""timestamp with time zone""        ""YES""        ""now()""",identification,organizational,"Categorizes different types of locations that can be associated with addresses, helping to segment and target specific property types in salesBlanket.",,null,location_types_pkey,"CHECK (id IS NOT NULL), CHECK (name IS NOT NULL), PRIMARY KEY (id), NOT NULL (name)",,,,,,,,
location_users,,"""location_users""        ""id""        ""uuid""        ""NO""        
""location_users""        ""location_id""        ""uuid""        ""YES""        
""location_users""        ""user_id""        ""uuid""        ""NO""        
""location_users""        ""role""        ""character varying""        ""YES""        
""location_users""        ""is_primary""        ""boolean""        ""YES""        ""false""
""location_users""        ""start_date""        ""date""        ""YES""        
""location_users""        ""end_date""        ""date""        ""YES""        
""location_users""        ""is_active""        ""boolean""        ""YES""        ""true""
""location_users""        ""created_at""        ""timestamp without time zone""        ""NO""        
""location_users""        ""updated_at""        ""timestamp without time zone""        ""NO""        ",employees,funnel employees by locations,user assignment if you have multiple locations it is needed,yes - probably second release,location_users_location_id_fkey: location_id → locations.id,location_users_pkey,"CHECK (created_at IS NOT NULL), CHECK (id IS NOT NULL), CHECK (updated_at IS NOT NULL), CHECK (user_id IS NOT NULL), FOREIGN KEY (location_id) REFERENCES locations(id), PRIMARY KEY (id), NOT NULL (created_at), NOT NULL (id), NOT NULL (updated_at), NOT NULL (user_id)",,,,,,,,
locations,,"""locations""        ""id""        ""uuid""        ""NO""        ""uuid_generate_v4()""
""locations""        ""name""        ""character varying""        ""NO""        
""locations""        ""location_type_id""        ""uuid""        ""YES""        
""locations""        ""address_id""        ""uuid""        ""YES""        
""locations""        ""status""        ""character varying""        ""YES""        
""locations""        ""metadata""        ""jsonb""        ""YES""        
""locations""        ""created_at""        ""timestamp with time zone""        ""YES""        ""now()""
""locations""        ""updated_at""        ""timestamp with time zone""        ""YES""        ""now()""
""locations""        ""corporate_id""        ""uuid""        ""YES""        
""locations""        ""parent_location_id""        ""uuid""        ""YES""        
""locations""        ""phone""        ""character varying""        ""YES""        
""locations""        ""email""        ""character varying""        ""YES""        
""locations""        ""timezone""        ""character varying""        ""YES""        
""locations""        ""operating_hours""        ""jsonb""        ""YES""        ",organizational,you can write more than one location - stays with the same dataset,,yes,"locations_corporate_id_fkey: corporate_id → corporate.id
locations_parent_location_id_fkey: parent_location_id → locations.id",locations_pkey,"CHECK (id IS NOT NULL), CHECK (name IS NOT NULL), FOREIGN KEY (corporate_id) REFERENCES corporate(id), FOREIGN KEY (parent_location_id) REFERENCES locations(id), PRIMARY KEY (id), NOT NULL (name)",,,,,,,,
marketer_seo_tracking,,"""marketer_seo_tracking""        ""id""        ""uuid""        ""NO""        
""marketer_seo_tracking""        ""marketer_id""        ""uuid""        ""YES""        
""marketer_seo_tracking""        ""page_url""        ""character varying""        ""NO""        
""marketer_seo_tracking""        ""backlink_url""        ""character varying""        ""YES""        
""marketer_seo_tracking""        ""click_count""        ""integer""        ""YES""        ""0""
""marketer_seo_tracking""        ""conversion_count""        ""integer""        ""YES""        ""0""
""marketer_seo_tracking""        ""last_detected""        ""timestamp without time zone""        ""YES""        
""marketer_seo_tracking""        ""created_at""        ""timestamp without time zone""        ""NO""        
""marketer_seo_tracking""        ""updated_at""        ""timestamp without time zone""        ""NO""        ",tracking,marketing,,,marketer_seo_tracking_marketer_id_fkey: marketer_id → marketers.id,marketer_seo_tracking_pkey,"CHECK (created_at IS NOT NULL), CHECK (id IS NOT NULL), CHECK (page_url IS NOT NULL), CHECK (updated_at IS NOT NULL), FOREIGN KEY (marketer_id) REFERENCES marketers(id), PRIMARY KEY (id), NOT NULL (created_at), NOT NULL (id), NOT NULL (page_url), NOT NULL (updated_at)",,,,,,,,
marketers,,"""marketers""        ""id""        ""uuid""        ""NO""        
""marketers""        ""collection_id""        ""uuid""        ""NO""        
""marketers""        ""name""        ""character varying""        ""NO""        
""marketers""        ""email""        ""character varying""        ""YES""        
""marketers""        ""website""        ""character varying""        ""YES""        
""marketers""        ""status""        ""character varying""        ""YES""        ""'ACTIVE'::character varying""
""marketers""        ""referral_code""        ""character varying""        ""YES""        
""marketers""        ""utm_source""        ""character varying""        ""YES""        
""marketers""        ""utm_medium""        ""character varying""        ""YES""        
""marketers""        ""utm_campaign""        ""character varying""        ""YES""        
""marketers""        ""commission_rate""        ""numeric""        ""YES""        
""marketers""        ""total_referrals""        ""integer""        ""YES""        ""0""
""marketers""        ""last_login""        ""timestamp without time zone""        ""YES""        
""marketers""        ""created_by""        ""uuid""        ""NO""        
""marketers""        ""metadata""        ""jsonb""        ""YES""        
""marketers""        ""created_at""        ""timestamp without time zone""        ""NO""        
""marketers""        ""updated_at""        ""timestamp without time zone""        ""NO""        ",parental entity,,,,null,marketers_pkey,"CHECK (collection_id IS NOT NULL), CHECK (created_at IS NOT NULL), CHECK (created_by IS NOT NULL), CHECK (id IS NOT NULL), CHECK (name IS NOT NULL), CHECK (updated_at IS NOT NULL), PRIMARY KEY (id), NOT NULL (collection_id), NOT NULL (created_at), NOT NULL (created_by), NOT NULL (id), NOT NULL (name), NOT NULL (updated_at)",,,,,,,,
metadata_field_permissions,"JSONPathSelector, MetadataPermissionsEditor components; Manages access to specific data within JSON fields","""metadata_field_permissions""        ""id""        ""uuid""        ""NO""        ""uuid_generate_v4()""
""metadata_field_permissions""        ""table_name""        ""character varying""        ""NO""        
""metadata_field_permissions""        ""json_path""        ""character varying""        ""NO""        
""metadata_field_permissions""        ""permission_type""        ""character varying""        ""NO""        
""metadata_field_permissions""        ""role_id""        ""uuid""        ""YES""        
""metadata_field_permissions""        ""is_allowed""        ""boolean""        ""YES""        ""false""
""metadata_field_permissions""        ""created_at""        ""timestamp with time zone""        ""YES""        ""now()""",permissions,JSON paths,Controls access to specific paths within metadata JSON fields for granular security,yes,metadata_field_permissions_role_id_fkey: role_id → roles.id,"metadata_field_permissions_pkey, idx_metadata_perm_unique","CHECK (id IS NOT NULL), CHECK (json_path IS NOT NULL), CHECK (permission_type IS NOT NULL), CHECK (table_name IS NOT NULL), FOREIGN KEY (role_id) REFERENCES roles(id), PRIMARY KEY (id), NOT NULL (json_path), NOT NULL (permission_type), NOT NULL (table_name)",,permission configuration,,,permission cache update,cascade delete when role is deleted,,
neighborhood_goals,,"""neighborhood_goals""        ""id""        ""uuid""        ""NO""        
""neighborhood_goals""        ""neighborhood_id""        ""uuid""        ""YES""        
""neighborhood_goals""        ""title""        ""character varying""        ""NO""        
""neighborhood_goals""        ""description""        ""text""        ""YES""        
""neighborhood_goals""        ""goal_type""        ""character varying""        ""YES""        
""neighborhood_goals""        ""target_value""        ""numeric""        ""YES""        
""neighborhood_goals""        ""current_value""        ""numeric""        ""YES""        
""neighborhood_goals""        ""start_date""        ""date""        ""YES""        
""neighborhood_goals""        ""target_date""        ""date""        ""YES""        
""neighborhood_goals""        ""status""        ""character varying""        ""YES""        ""'ACTIVE'::character varying""
""neighborhood_goals""        ""priority""        ""integer""        ""YES""        
""neighborhood_goals""        ""parent_goal_id""        ""uuid""        ""YES""        
""neighborhood_goals""        ""created_by""        ""uuid""        ""NO""        
""neighborhood_goals""        ""created_at""        ""timestamp without time zone""        ""NO""        
""neighborhood_goals""        ""updated_at""        ""timestamp without time zone""        ""NO""        ",tracking,neighborhoods,,,null,neighborhood_goals_pkey,"CHECK (created_at IS NOT NULL), CHECK (created_by IS NOT NULL), CHECK (id IS NOT NULL), CHECK (title IS NOT NULL), CHECK (updated_at IS NOT NULL), PRIMARY KEY (id), NOT NULL (created_at), NOT NULL (created_by), NOT NULL (id), NOT NULL (title), NOT NULL (updated_at)",,,,,,,,
neighborhood_streets,,"""neighborhood_streets""        ""id""        ""uuid""        ""NO""        ""uuid_generate_v4()""
""neighborhood_streets""        ""neighborhood_id""        ""uuid""        ""YES""        
""neighborhood_streets""        ""name""        ""character varying""        ""NO""        
""neighborhood_streets""        ""start_address_number""        ""integer""        ""YES""        
""neighborhood_streets""        ""end_address_number""        ""integer""        ""YES""        
""neighborhood_streets""        ""address_parity""        ""character varying""        ""YES""        
""neighborhood_streets""        ""geometry""        ""USER-DEFINED""        ""YES""        
""neighborhood_streets""        ""metadata""        ""jsonb""        ""YES""        
""neighborhood_streets""        ""created_at""        ""timestamp with time zone""        ""YES""        ""now()""
""neighborhood_streets""        ""updated_at""        ""timestamp with time zone""        ""YES""        ""now()""",joining table,,"Maps streets to neighborhoods, establishing the geographic hierarchy for address management.",,null,neighborhood_streets_pkey,"CHECK (id IS NOT NULL), CHECK (name IS NOT NULL), PRIMARY KEY (id), NOT NULL (name)",,,,,,,,
neighborhoods,,"""neighborhoods""        ""id""        ""uuid""        ""NO""        ""uuid_generate_v4()""
""neighborhoods""        ""name""        ""character varying""        ""NO""        
""neighborhoods""        ""description""        ""text""        ""YES""        
""neighborhoods""        ""boundaries""        ""USER-DEFINED""        ""YES""        
""neighborhoods""        ""metadata""        ""jsonb""        ""YES""        
""neighborhoods""        ""created_at""        ""timestamp with time zone""        ""YES""        ""now()""
""neighborhoods""        ""updated_at""        ""timestamp with time zone""        ""YES""        ""now()""",geo spacial entities,organizational,create collections of streets and catogorize them as a neighborhood.  you can assign a team to the neighborhood,yes,null,neighborhoods_pkey,"CHECK (id IS NOT NULL), CHECK (name IS NOT NULL), PRIMARY KEY (id), NOT NULL (name)",,,,,,,,
notification_channels,,"""notification_channels""        ""id""        ""uuid""        ""NO""        
""notification_channels""        ""name""        ""character varying""        ""NO""        
""notification_channels""        ""channel_type""        ""character varying""        ""NO""        
""notification_channels""        ""configuration""        ""jsonb""        ""YES""        
""notification_channels""        ""is_active""        ""boolean""        ""YES""        ""true""
""notification_channels""        ""created_at""        ""timestamp without time zone""        ""NO""        
""notification_channels""        ""updated_at""        ""timestamp without time zone""        ""NO""        ",communications,app notifications for users ,"notification for events, assignments, workflows, when deals close with salesman and when deals are completed and paid",maybe,null,notification_channels_pkey,"CHECK (channel_type IS NOT NULL), CHECK (created_at IS NOT NULL), CHECK (id IS NOT NULL), CHECK (name IS NOT NULL), CHECK (updated_at IS NOT NULL), PRIMARY KEY (id), NOT NULL (channel_type), NOT NULL (created_at), NOT NULL (id), NOT NULL (name), NOT NULL (updated_at)",,,,,,,,
notification_rules,,"""notification_rules""        ""id""        ""uuid""        ""NO""        
""notification_rules""        ""name""        ""character varying""        ""NO""        
""notification_rules""        ""description""        ""text""        ""YES""        
""notification_rules""        ""event_type""        ""character varying""        ""NO""        
""notification_rules""        ""conditions""        ""jsonb""        ""YES""        
""notification_rules""        ""actions""        ""jsonb""        ""YES""        
""notification_rules""        ""is_active""        ""boolean""        ""YES""        ""true""
""notification_rules""        ""created_by""        ""uuid""        ""NO""        
""notification_rules""        ""created_at""        ""timestamp without time zone""        ""NO""        
""notification_rules""        ""updated_at""        ""timestamp without time zone""        ""NO""        ",rules,,,,null,notification_rules_pkey,"CHECK (created_at IS NOT NULL), CHECK (created_by IS NOT NULL), CHECK (event_type IS NOT NULL), CHECK (id IS NOT NULL), CHECK (name IS NOT NULL), CHECK (updated_at IS NOT NULL), PRIMARY KEY (id), NOT NULL (created_at), NOT NULL (created_by), NOT NULL (event_type), NOT NULL (id), NOT NULL (name), NOT NULL (updated_at)",,,,,,,,
notification_settings,,"""notification_settings""        ""id""        ""uuid""        ""NO""        
""notification_settings""        ""user_id""        ""uuid""        ""NO""        
""notification_settings""        ""notification_type""        ""character varying""        ""NO""        
""notification_settings""        ""channel_id""        ""uuid""        ""YES""        
""notification_settings""        ""is_enabled""        ""boolean""        ""YES""        ""true""
""notification_settings""        ""frequency""        ""character varying""        ""YES""        
""notification_settings""        ""quiet_hours""        ""jsonb""        ""YES""        
""notification_settings""        ""created_at""        ""timestamp without time zone""        ""NO""        
""notification_settings""        ""updated_at""        ""timestamp without time zone""        ""NO""        ",settings,settings,settings,no,notification_settings_channel_id_fkey: channel_id → notification_channels.id,notification_settings_pkey,"CHECK (created_at IS NOT NULL), CHECK (id IS NOT NULL), CHECK (notification_type IS NOT NULL), CHECK (updated_at IS NOT NULL), CHECK (user_id IS NOT NULL), FOREIGN KEY (channel_id) REFERENCES notification_channels(id), PRIMARY KEY (id), NOT NULL (created_at), NOT NULL (id), NOT NULL (notification_type), NOT NULL (updated_at), NOT NULL (user_id)",,,,,,,,
notification_types,,"""notification_types""        ""id""        ""uuid""        ""NO""        ""uuid_generate_v4()""
""notification_types""        ""name""        ""character varying""        ""NO""        
""notification_types""        ""description""        ""text""        ""YES""        
""notification_types""        ""icon""        ""character varying""        ""YES""        
""notification_types""        ""color""        ""character varying""        ""YES""        
""notification_types""        ""template_title""        ""character varying""        ""YES""        
""notification_types""        ""template_message""        ""text""        ""YES""        
""notification_types""        ""is_active""        ""boolean""        ""YES""        ""true""
""notification_types""        ""settings""        ""jsonb""        ""YES""        
""notification_types""        ""created_at""        ""timestamp with time zone""        ""YES""        ""now()""
""notification_types""        ""updated_at""        ""timestamp with time zone""        ""YES""        ""now()""",identification,notifations,"Defines different notification types that can be sent to users, supporting the communication system within salesBlanket.",,null,notification_types_pkey,"CHECK (id IS NOT NULL), CHECK (name IS NOT NULL), PRIMARY KEY (id), NOT NULL (name)",,,,,,,,
notifications,,"""notifications""        ""id""        ""uuid""        ""NO""        
""notifications""        ""user_id""        ""uuid""        ""NO""        
""notifications""        ""title""        ""character varying""        ""NO""        
""notifications""        ""content""        ""text""        ""YES""        
""notifications""        ""notification_type""        ""character varying""        ""YES""        
""notifications""        ""resource_type""        ""character varying""        ""YES""        
""notifications""        ""resource_id""        ""uuid""        ""YES""        
""notifications""        ""channel_id""        ""uuid""        ""YES""        
""notifications""        ""is_read""        ""boolean""        ""YES""        ""false""
""notifications""        ""read_at""        ""timestamp without time zone""        ""YES""        
""notifications""        ""sent_at""        ""timestamp without time zone""        ""YES""        
""notifications""        ""expires_at""        ""timestamp without time zone""        ""YES""        
""notifications""        ""metadata""        ""jsonb""        ""YES""        
""notifications""        ""created_at""        ""timestamp without time zone""        ""NO""        
""notifications""        ""updated_at""        ""timestamp without time zone""        ""NO""        ",entities,communications,notification records for trigger stored here ,yes,null,"idx_notifications_user_read, notifications_pkey, idx_notifications_created_at","CHECK (created_at IS NOT NULL), CHECK (id IS NOT NULL), CHECK (title IS NOT NULL), CHECK (updated_at IS NOT NULL), CHECK (user_id IS NOT NULL), PRIMARY KEY (id), NOT NULL (created_at), NOT NULL (id), NOT NULL (title), NOT NULL (updated_at), NOT NULL (user_id)",,,,,,,,
object_components,,"""object_components""        ""id""        ""uuid""        ""NO""        
""object_components""        ""object_id""        ""uuid""        ""YES""        
""object_components""        ""component_type""        ""character varying""        ""NO""        
""object_components""        ""name""        ""character varying""        ""NO""        
""object_components""        ""parent_component_id""        ""uuid""        ""YES""        
""object_components""        ""metadata""        ""jsonb""        ""YES""        
""object_components""        ""created_at""        ""timestamp without time zone""        ""NO""        
""object_components""        ""updated_at""        ""timestamp without time zone""        ""NO""        ",components,estimate/financial items - dynamic,ability to craft dynamic documents,no,"object_components_object_id_fkey: object_id → objects.id
object_components_parent_component_id_fkey: parent_component_id → object_components.id",object_components_pkey,"CHECK (component_type IS NOT NULL), CHECK (created_at IS NOT NULL), CHECK (id IS NOT NULL), CHECK (name IS NOT NULL), CHECK (updated_at IS NOT NULL), FOREIGN KEY (object_id) REFERENCES objects(id), FOREIGN KEY (parent_component_id) REFERENCES object_components(id), PRIMARY KEY (id), NOT NULL (component_type), NOT NULL (created_at), NOT NULL (id), NOT NULL (name), NOT NULL (updated_at)",,,,,,,,
object_media,,"""object_media""        ""id""        ""uuid""        ""NO""        
""object_media""        ""object_id""        ""uuid""        ""YES""        
""object_media""        ""component_id""        ""uuid""        ""YES""        
""object_media""        ""media_type""        ""character varying""        ""NO""        
""object_media""        ""name""        ""character varying""        ""NO""        
""object_media""        ""storage_info""        ""jsonb""        ""YES""        
""object_media""        ""file_metadata""        ""jsonb""        ""YES""        
""object_media""        ""capture_metadata""        ""jsonb""        ""YES""        
""object_media""        ""analysis_data""        ""jsonb""        ""YES""        
""object_media""        ""created_by""        ""uuid""        ""NO""        
""object_media""        ""created_at""        ""timestamp without time zone""        ""NO""        
""object_media""        ""updated_at""        ""timestamp without time zone""        ""NO""        ",components,"photos, videos, documents for dynamic documents","add photo pages, line items, block estimates",no,"object_media_component_id_fkey: component_id → object_components.id
object_media_object_id_fkey: object_id → objects.id",object_media_pkey,"CHECK (created_at IS NOT NULL), CHECK (created_by IS NOT NULL), CHECK (id IS NOT NULL), CHECK (media_type IS NOT NULL), CHECK (name IS NOT NULL), CHECK (updated_at IS NOT NULL), FOREIGN KEY (component_id) REFERENCES object_components(id), FOREIGN KEY (object_id) REFERENCES objects(id), PRIMARY KEY (id), NOT NULL (created_at), NOT NULL (created_by), NOT NULL (id), NOT NULL (media_type), NOT NULL (name), NOT NULL (updated_at)",,,,,,,,
object_types,,"""object_types""        ""id""        ""uuid""        ""NO""        
""object_types""        ""domain""        ""character varying""        ""NO""        
""object_types""        ""name""        ""character varying""        ""NO""        
""object_types""        ""description""        ""text""        ""YES""        
""object_types""        ""icon""        ""character varying""        ""YES""        
""object_types""        ""color""        ""character varying""        ""YES""        
""object_types""        ""metadata_schema""        ""jsonb""        ""YES""        
""object_types""        ""is_active""        ""boolean""        ""YES""        ""true""
""object_types""        ""created_at""        ""timestamp without time zone""        ""NO""        
""object_types""        ""updated_at""        ""timestamp without time zone""        ""NO""        ",identifications,estimate/financial items - dynamic,"Provides a general-purpose type system for objects that don't fit into other specific categories, offering flexibility within the salesBlanket application.",,null,object_types_pkey,"CHECK (created_at IS NOT NULL), CHECK (domain IS NOT NULL), CHECK (id IS NOT NULL), CHECK (name IS NOT NULL), CHECK (updated_at IS NOT NULL), PRIMARY KEY (id), NOT NULL (created_at), NOT NULL (domain), NOT NULL (id), NOT NULL (name), NOT NULL (updated_at)",,,,,,,,
objects,,"""objects""        ""id""        ""uuid""        ""NO""        
""objects""        ""object_type_id""        ""uuid""        ""YES""        
""objects""        ""entity_id""        ""uuid""        ""NO""        
""objects""        ""entity_type""        ""character varying""        ""NO""        
""objects""        ""collection_id""        ""uuid""        ""NO""        
""objects""        ""name""        ""character varying""        ""NO""        
""objects""        ""status""        ""character varying""        ""YES""        
""objects""        ""description""        ""text""        ""YES""        
""objects""        ""metadata""        ""jsonb""        ""YES""        
""objects""        ""created_by""        ""uuid""        ""NO""        
""objects""        ""created_at""        ""timestamp without time zone""        ""NO""        
""objects""        ""updated_at""        ""timestamp without time zone""        ""NO""        ",entities,sale items - dynamic,"estimates, contracts",no,objects_object_type_id_fkey: object_type_id → object_types.id,objects_pkey,"CHECK (collection_id IS NOT NULL), CHECK (created_at IS NOT NULL), CHECK (created_by IS NOT NULL), CHECK (entity_id IS NOT NULL), CHECK (entity_type IS NOT NULL), CHECK (id IS NOT NULL), CHECK (name IS NOT NULL), CHECK (updated_at IS NOT NULL), FOREIGN KEY (object_type_id) REFERENCES object_types(id), PRIMARY KEY (id), NOT NULL (collection_id), NOT NULL (created_at), NOT NULL (created_by), NOT NULL (entity_id), NOT NULL (entity_type), NOT NULL (id), NOT NULL (name), NOT NULL (updated_at)",,,,,,,,
operations_user,,"""operations_user""        ""id""        ""uuid""        ""NO""        
""operations_user""        ""user_id""        ""uuid""        ""NO""        
""operations_user""        ""role""        ""character varying""        ""NO""        
""operations_user""        ""department""        ""character varying""        ""YES""        
""operations_user""        ""permissions""        ""jsonb""        ""YES""        
""operations_user""        ""is_active""        ""boolean""        ""YES""        ""true""
""operations_user""        ""created_at""        ""timestamp without time zone""        ""NO""        
""operations_user""        ""updated_at""        ""timestamp without time zone""        ""NO""        ",lea,,"Defines users who have operations-level permissions, potentially with extended attributes.",,null,operations_users_pkey,"CHECK (created_at IS NOT NULL), CHECK (id IS NOT NULL), CHECK (role IS NOT NULL), CHECK (updated_at IS NOT NULL), CHECK (user_id IS NOT NULL), PRIMARY KEY (id), NOT NULL (created_at), NOT NULL (id), NOT NULL (role), NOT NULL (updated_at), NOT NULL (user_id)",,,,,,,,
opportunities,,"""opportunities""        ""id""        ""uuid""        ""NO""        ""uuid_generate_v4()""
""opportunities""        ""opportunity_type_id""        ""uuid""        ""YES""        
""opportunities""        ""status""        ""character varying""        ""YES""        ""'ACTIVE'::character varying""
""opportunities""        ""notes""        ""text""        ""YES""        
""opportunities""        ""created_by""        ""uuid""        ""YES""        
""opportunities""        ""metadata""        ""jsonb""        ""YES""        
""opportunities""        ""created_at""        ""timestamp with time zone""        ""YES""        ""now()""
""opportunities""        ""updated_at""        ""timestamp with time zone""        ""YES""        ""now()""
""opportunities""        ""collection_id""        ""uuid""        ""YES""        
""opportunities""        ""form_definition_id""        ""uuid""        ""YES""        
""opportunities""        ""form_version""        ""integer""        ""YES""        ",entities,"appointments, contracts",workflow entity that has a few different configurations,yes,opportunities_collection_id_fkey: collection_id → collections.id,opportunities_pkey,"CHECK (id IS NOT NULL), FOREIGN KEY (collection_id) REFERENCES collections(id), PRIMARY KEY (id)",,,,,,,,
opportunity_contacts,,"""opportunity_contacts""        ""id""        ""uuid""        ""NO""        ""uuid_generate_v4()""
""opportunity_contacts""        ""opportunity_id""        ""uuid""        ""YES""        
""opportunity_contacts""        ""contact_id""        ""uuid""        ""YES""        
""opportunity_contacts""        ""relationship_type""        ""character varying""        ""YES""        
""opportunity_contacts""        ""is_primary""        ""boolean""        ""YES""        ""false""
""opportunity_contacts""        ""metadata""        ""jsonb""        ""YES""        
""opportunity_contacts""        ""created_at""        ""timestamp with time zone""        ""YES""        ""now()""
""opportunity_contacts""        ""updated_at""        ""timestamp with time zone""        ""YES""        ""now()""",joining tables,,"Creates many-to-many relationships between opportunities and contacts, defining which contacts are involved with which opportunities.",,null,opportunity_contacts_pkey,"CHECK (id IS NOT NULL), PRIMARY KEY (id)",,,,,,,,
opportunity_type_work_types,,"""opportunity_type_work_types""        ""id""        ""uuid""        ""NO""        ""uuid_generate_v4()""
""opportunity_type_work_types""        ""opportunity_type_id""        ""uuid""        ""YES""        
""opportunity_type_work_types""        ""work_type_id""        ""uuid""        ""YES""        
""opportunity_type_work_types""        ""created_at""        ""timestamp with time zone""        ""YES""        ""now()""",opportunities,opportunities,"Maps opportunity types to work types, allowing you to associate specific work types with different opportunity types.",,"opportunity_type_work_types_opportunity_type_id_fkey: opportunity_type_id → opportunity_types.id
opportunity_type_work_types_work_type_id_fkey: work_type_id → work_types.id","idx_opp_work_types_unique, opportunity_type_work_types_pkey","CHECK (id IS NOT NULL), FOREIGN KEY (opportunity_type_id) REFERENCES opportunity_types(id), FOREIGN KEY (work_type_id) REFERENCES work_types(id), PRIMARY KEY (id)",,,,,,,,
opportunity_types,,"""opportunity_types""        ""id""        ""uuid""        ""NO""        ""uuid_generate_v4()""
""opportunity_types""        ""name""        ""character varying""        ""NO""        
""opportunity_types""        ""description""        ""text""        ""YES""        
""opportunity_types""        ""is_active""        ""boolean""        ""YES""        ""true""
""opportunity_types""        ""settings""        ""jsonb""        ""YES""        
""opportunity_types""        ""created_at""        ""timestamp with time zone""        ""YES""        ""now()""
""opportunity_types""        ""updated_at""        ""timestamp with time zone""        ""YES""        ""now()""",identifications,organizational,"Defines different types of sales opportunities in the system, crucial for the dynamic form system in salesBlanket where opportunity forms change based on type selection (roofing, siding, solar, etc.).",,null,opportunity_types_pkey,"CHECK (id IS NOT NULL), CHECK (name IS NOT NULL), PRIMARY KEY (id), NOT NULL (name)",,,,,,,,
organizations,,"""organizations""        ""id""        ""uuid""        ""NO""        ""uuid_generate_v4()""
""organizations""        ""name""        ""character varying""        ""NO""        
""organizations""        ""description""        ""text""        ""YES""        
""organizations""        ""settings""        ""jsonb""        ""YES""        
""organizations""        ""is_active""        ""boolean""        ""YES""        ""true""
""organizations""        ""created_at""        ""timestamp with time zone""        ""YES""        ""now()""
""organizations""        ""updated_at""        ""timestamp with time zone""        ""YES""        ""now()""",organizational,,"Represents top-level organizations that can have their own departments, users, and form definitions.",,null,organizations_pkey,"CHECK (id IS NOT NULL), CHECK (name IS NOT NULL), PRIMARY KEY (id), NOT NULL (name)",,,,,,,,
permissions,,"""permissions""        ""id""        ""uuid""        ""NO""        ""uuid_generate_v4()""
""permissions""        ""name""        ""character varying""        ""NO""        
""permissions""        ""description""        ""text""        ""YES""        
""permissions""        ""resource""        ""character varying""        ""YES""        
""permissions""        ""action""        ""character varying""        ""YES""        
""permissions""        ""status""        ""character varying""        ""YES""        
""permissions""        ""entity_type_id""        ""uuid""        ""YES""        
""permissions""        ""created_at""        ""timestamp with time zone""        ""YES""        ""now()""
""permissions""        ""updated_at""        ""timestamp with time zone""        ""YES""        ""now()""
""permissions""        ""metadata""        ""jsonb""        ""YES""        ",permissions,,,,null,permissions_pkey,"CHECK (id IS NOT NULL), CHECK (name IS NOT NULL), PRIMARY KEY (id), NOT NULL (name)",,,,,,,,
pulse,,"""pulse""        ""id""        ""uuid""        ""NO""        ""uuid_generate_v4()""
""pulse""        ""entity_id""        ""character varying""        ""YES""        
""pulse""        ""entity_type_id""        ""uuid""        ""YES""        
""pulse""        ""pulse_type""        ""character varying""        ""YES""        
""pulse""        ""last_synced""        ""timestamp with time zone""        ""YES""        
""pulse""        ""metadata""        ""jsonb""        ""YES""        
""pulse""        ""created_at""        ""timestamp with time zone""        ""YES""        ""now()""
""pulse""        ""updated_at""        ""timestamp with time zone""        ""YES""        ""now()""",containers,workflows,organizes the salesPulse component,yes,pulse_entity_type_id_fkey: entity_type_id → entity_types.id,entity_card_pulse_pkey,"CHECK (id IS NOT NULL), FOREIGN KEY (entity_type_id) REFERENCES entity_types(id), PRIMARY KEY (id)",,,,,,,,
pulse_ai,,"""pulse_ai""        ""id""        ""uuid""        ""NO""        ""uuid_generate_v4()""
""pulse_ai""        ""pulse_id""        ""uuid""        ""YES""        
""pulse_ai""        ""prompt_id""        ""character varying""        ""YES""        
""pulse_ai""        ""prompt_text""        ""text""        ""YES""        
""pulse_ai""        ""response_text""        ""text""        ""YES""        
""pulse_ai""        ""created_by""        ""character varying""        ""YES""        
""pulse_ai""        ""created_at""        ""timestamp with time zone""        ""YES""        ""now()""
""pulse_ai""        ""updated_at""        ""timestamp with time zone""        ""YES""        ""now()""",communications,artificial intelligence,future dev. ,no,pulse_ai_pulse_id_fkey: pulse_id → pulse.id,entity_card_pulse_gemini_pkey,"CHECK (id IS NOT NULL), FOREIGN KEY (pulse_id) REFERENCES pulse(id), PRIMARY KEY (id)",,,,,,,,
pulse_calendar,,"""pulse_calendar""        ""id""        ""uuid""        ""NO""        ""uuid_generate_v4()""
""pulse_calendar""        ""pulse_id""        ""uuid""        ""YES""        
""pulse_calendar""        ""event_id""        ""character varying""        ""YES""        
""pulse_calendar""        ""title""        ""character varying""        ""YES""        
""pulse_calendar""        ""description""        ""text""        ""YES""        
""pulse_calendar""        ""start_time""        ""timestamp with time zone""        ""YES""        
""pulse_calendar""        ""end_time""        ""timestamp with time zone""        ""YES""        
""pulse_calendar""        ""attendees""        ""jsonb""        ""YES""        
""pulse_calendar""        ""location""        ""text""        ""YES""        
""pulse_calendar""        ""status""        ""character varying""        ""YES""        
""pulse_calendar""        ""created_at""        ""timestamp with time zone""        ""YES""        ""now()""
""pulse_calendar""        ""updated_at""        ""timestamp with time zone""        ""YES""        ""now()""",communications,sales management,current offering google calendar integration,yes,pulse_calendar_pulse_id_fkey: pulse_id → pulse.id,entity_card_pulse_calendar_pkey,"CHECK (id IS NOT NULL), FOREIGN KEY (pulse_id) REFERENCES pulse(id), PRIMARY KEY (id)",,,,,,,,
pulse_email_attachments,,"""pulse_email_attachments""        ""id""        ""uuid""        ""NO""        
""pulse_email_attachments""        ""email_id""        ""uuid""        ""YES""        
""pulse_email_attachments""        ""file_name""        ""character varying""        ""NO""        
""pulse_email_attachments""        ""file_type""        ""character varying""        ""YES""        
""pulse_email_attachments""        ""mime_type""        ""character varying""        ""YES""        
""pulse_email_attachments""        ""size""        ""integer""        ""YES""        
""pulse_email_attachments""        ""drive_file_id""        ""character varying""        ""YES""        
""pulse_email_attachments""        ""is_photo""        ""boolean""        ""YES""        ""false""
""pulse_email_attachments""        ""is_imported""        ""boolean""        ""YES""        ""false""
""pulse_email_attachments""        ""entity_id""        ""uuid""        ""YES""        
""pulse_email_attachments""        ""entity_type""        ""character varying""        ""YES""        
""pulse_email_attachments""        ""thumbnail_url""        ""character varying""        ""YES""        
""pulse_email_attachments""        ""created_at""        ""timestamp without time zone""        ""NO""        
""pulse_email_attachments""        ""updated_at""        ""timestamp without time zone""        ""NO""        ",data,"photos, documents",handles incoming photos ,maybe,pulse_email_attachments_email_id_fkey: email_id → pulse_mail.id,"entity_card_pulse_email_attachments_photo_idx, entity_card_pulse_email_attachments_entity_idx, entity_card_pulse_email_attachments_email_idx, entity_card_pulse_email_attachments_pkey","CHECK (created_at IS NOT NULL), CHECK (file_name IS NOT NULL), CHECK (id IS NOT NULL), CHECK (updated_at IS NOT NULL), FOREIGN KEY (email_id) REFERENCES pulse_mail(id), PRIMARY KEY (id), NOT NULL (created_at), NOT NULL (file_name), NOT NULL (id), NOT NULL (updated_at)",,,,,,,,
pulse_external_users,,"""pulse_external_users""        ""id""        ""uuid""        ""NO""        
""pulse_external_users""        ""email""        ""character varying""        ""NO""        
""pulse_external_users""        ""name""        ""character varying""        ""NO""        
""pulse_external_users""        ""organization""        ""character varying""        ""YES""        
""pulse_external_users""        ""status""        ""character varying""        ""YES""        ""'ACTIVE'::character varying""
""pulse_external_users""        ""access_type""        ""character varying""        ""YES""        ""'RESTRICTED'::character varying""
""pulse_external_users""        ""expiry_date""        ""timestamp without time zone""        ""YES""        
""pulse_external_users""        ""created_by""        ""uuid""        ""NO""        
""pulse_external_users""        ""metadata""        ""jsonb""        ""YES""        
""pulse_external_users""        ""created_at""        ""timestamp without time zone""        ""NO""        
""pulse_external_users""        ""updated_at""        ""timestamp without time zone""        ""NO""        ",communications,external,future dev. ,no,null,"entity_card_pulse_external_users_email_idx, entity_card_pulse_external_users_email_key, entity_card_pulse_external_users_pkey, entity_card_pulse_external_users_status_idx","CHECK (created_at IS NOT NULL), CHECK (created_by IS NOT NULL), CHECK (email IS NOT NULL), CHECK (id IS NOT NULL), CHECK (name IS NOT NULL), CHECK (updated_at IS NOT NULL), PRIMARY KEY (id), UNIQUE (email), NOT NULL (created_at), NOT NULL (created_by), NOT NULL (email), NOT NULL (id), NOT NULL (name), NOT NULL (updated_at)",,,,,,,,
pulse_lead_referrals,,"""pulse_lead_referrals""        ""id""        ""uuid""        ""NO""        
""pulse_lead_referrals""        ""external_user_id""        ""uuid""        ""NO""        
""pulse_lead_referrals""        ""opportunity_id""        ""uuid""        ""YES""        
""pulse_lead_referrals""        ""referral_status""        ""character varying""        ""YES""        ""'NEW'::character varying""
""pulse_lead_referrals""        ""estimated_value""        ""numeric""        ""YES""        
""pulse_lead_referrals""        ""actual_value""        ""numeric""        ""YES""        
""pulse_lead_referrals""        ""closed_date""        ""timestamp without time zone""        ""YES""        
""pulse_lead_referrals""        ""referral_reward_type""        ""character varying""        ""YES""        
""pulse_lead_referrals""        ""referral_reward_amount""        ""numeric""        ""YES""        
""pulse_lead_referrals""        ""referral_reward_status""        ""character varying""        ""YES""        ""'PENDING'::character varying""
""pulse_lead_referrals""        ""notes""        ""text""        ""YES""        
""pulse_lead_referrals""        ""metadata""        ""jsonb""        ""YES""        
""pulse_lead_referrals""        ""created_at""        ""timestamp without time zone""        ""NO""        
""pulse_lead_referrals""        ""updated_at""        ""timestamp without time zone""        ""NO""        ",communications,referral tracking,simple outgoing email updates when a referral signs a contract and when a referral is paid and closed,yes,pulse_lead_referrals_external_user_id_fkey: external_user_id → pulse_external_users.id,"entity_card_pulse_lead_referrals_status_idx, entity_card_pulse_lead_referrals_opportunity_idx, entity_card_pulse_lead_referrals_external_user_idx, entity_card_pulse_lead_referrals_pkey","CHECK (created_at IS NOT NULL), CHECK (external_user_id IS NOT NULL), CHECK (id IS NOT NULL), CHECK (updated_at IS NOT NULL), FOREIGN KEY (external_user_id) REFERENCES pulse_external_users(id), PRIMARY KEY (id), NOT NULL (created_at), NOT NULL (external_user_id), NOT NULL (id), NOT NULL (updated_at)",,,,,,,,
pulse_mail,,"""pulse_mail""        ""id""        ""uuid""        ""NO""        ""uuid_generate_v4()""
""pulse_mail""        ""pulse_id""        ""uuid""        ""YES""        
""pulse_mail""        ""message_id""        ""character varying""        ""YES""        
""pulse_mail""        ""thread_id""        ""character varying""        ""YES""        
""pulse_mail""        ""subject""        ""character varying""        ""YES""        
""pulse_mail""        ""snippet""        ""text""        ""YES""        
""pulse_mail""        ""from_email""        ""character varying""        ""YES""        
""pulse_mail""        ""to_email""        ""character varying""        ""YES""        
""pulse_mail""        ""cc""        ""character varying""        ""YES""        
""pulse_mail""        ""received_at""        ""timestamp with time zone""        ""YES""        
""pulse_mail""        ""has_attachments""        ""boolean""        ""YES""        ""false""
""pulse_mail""        ""labels""        ""jsonb""        ""YES""        
""pulse_mail""        ""created_at""        ""timestamp with time zone""        ""YES""        ""now()""
""pulse_mail""        ""updated_at""        ""timestamp with time zone""        ""YES""        ""now()""
""pulse_mail""        ""metadata""        ""jsonb""        ""YES""        ""'{}'::jsonb""",communications,sales management,"shortcut to the pulse email component as a one off, instead of getting the whole collection on the collection",yes,pulse_mail_pulse_id_fkey: pulse_id → pulse.id,"entity_card_pulse_gmail_pkey, idx_pulse_mail_metadata","CHECK (id IS NOT NULL), FOREIGN KEY (pulse_id) REFERENCES pulse(id), PRIMARY KEY (id)",,,,,,,,
pulse_message_read_status,,"""pulse_message_read_status""        ""id""        ""uuid""        ""NO""        
""pulse_message_read_status""        ""collection_id""        ""uuid""        ""NO""        
""pulse_message_read_status""        ""user_id""        ""uuid""        ""NO""        
""pulse_message_read_status""        ""last_read_message_id""        ""uuid""        ""YES""        
""pulse_message_read_status""        ""created_at""        ""timestamp without time zone""        ""NO""        
""pulse_message_read_status""        ""updated_at""        ""timestamp without time zone""        ""NO""        ",tracking,messages,,,pulse_message_read_status_last_read_message_id_fkey: last_read_message_id → pulse_messages.id,"entity_card_pulse_message_read_status_pkey, entity_card_pulse_read_collection_user_idx, entity_card_pulse_message_read_status_collection_id_user_id_key","CHECK (collection_id IS NOT NULL), CHECK (created_at IS NOT NULL), CHECK (id IS NOT NULL), CHECK (updated_at IS NOT NULL), CHECK (user_id IS NOT NULL), FOREIGN KEY (last_read_message_id) REFERENCES pulse_messages(id), PRIMARY KEY (id), UNIQUE (collection_id), UNIQUE (user_id), NOT NULL (collection_id), NOT NULL (created_at), NOT NULL (id), NOT NULL (updated_at), NOT NULL (user_id)",,,,,,,,
pulse_messages,,"""pulse_messages""        ""id""        ""uuid""        ""NO""        
""pulse_messages""        ""collection_id""        ""uuid""        ""NO""        
""pulse_messages""        ""sender_id""        ""uuid""        ""NO""        
""pulse_messages""        ""sender_role""        ""character varying""        ""YES""        
""pulse_messages""        ""message_text""        ""text""        ""NO""        
""pulse_messages""        ""entity_id""        ""uuid""        ""YES""        
""pulse_messages""        ""entity_type""        ""character varying""        ""YES""        
""pulse_messages""        ""message_type""        ""character varying""        ""YES""        ""'CHAT'::character varying""
""pulse_messages""        ""visibility_level""        ""character varying""        ""YES""        ""'ALL'::character varying""
""pulse_messages""        ""is_external_visible""        ""boolean""        ""YES""        ""false""
""pulse_messages""        ""metadata""        ""jsonb""        ""YES""        
""pulse_messages""        ""created_at""        ""timestamp without time zone""        ""NO""        
""pulse_messages""        ""updated_at""        ""timestamp without time zone""        ""NO""        ",communications,sales management,yes,yes,null,"entity_card_pulse_messages_visibility_idx, entity_card_pulse_messages_entity_idx, entity_card_pulse_messages_sender_idx, entity_card_pulse_messages_collection_idx, entity_card_pulse_messages_pkey","CHECK (collection_id IS NOT NULL), CHECK (created_at IS NOT NULL), CHECK (id IS NOT NULL), CHECK (message_text IS NOT NULL), CHECK (sender_id IS NOT NULL), CHECK (updated_at IS NOT NULL), PRIMARY KEY (id), NOT NULL (collection_id), NOT NULL (created_at), NOT NULL (id), NOT NULL (message_text), NOT NULL (sender_id), NOT NULL (updated_at)",,,,,,,,
pulse_notebook,,"""pulse_notebook""        ""id""        ""uuid""        ""NO""        ""uuid_generate_v4()""
""pulse_notebook""        ""pulse_id""        ""uuid""        ""YES""        
""pulse_notebook""        ""notebook_id""        ""character varying""        ""YES""        
""pulse_notebook""        ""title""        ""character varying""        ""YES""        
""pulse_notebook""        ""content""        ""text""        ""YES""        
""pulse_notebook""        ""last_edited""        ""timestamp with time zone""        ""YES""        
""pulse_notebook""        ""edited_by""        ""character varying""        ""YES""        
""pulse_notebook""        ""shared_with""        ""jsonb""        ""YES""        
""pulse_notebook""        ""created_at""        ""timestamp with time zone""        ""YES""        ""now()""
""pulse_notebook""        ""updated_at""        ""timestamp with time zone""        ""YES""        ""now()""",communications,sales management,"save a tree, write on bytes",no,pulse_notebook_pulse_id_fkey: pulse_id → pulse.id,entity_card_pulse_notebook_pkey,"CHECK (id IS NOT NULL), FOREIGN KEY (pulse_id) REFERENCES pulse(id), PRIMARY KEY (id)",,,,,,,,
pulse_photo_annotations,,"""pulse_photo_annotations""        ""id""        ""uuid""        ""NO""        
""pulse_photo_annotations""        ""photo_id""        ""uuid""        ""NO""        
""pulse_photo_annotations""        ""annotation_type""        ""character varying""        ""NO""        
""pulse_photo_annotations""        ""coordinates""        ""jsonb""        ""NO""        
""pulse_photo_annotations""        ""properties""        ""jsonb""        ""YES""        
""pulse_photo_annotations""        ""created_by""        ""uuid""        ""NO""        
""pulse_photo_annotations""        ""created_at""        ""timestamp without time zone""        ""NO""        
""pulse_photo_annotations""        ""updated_at""        ""timestamp without time zone""        ""NO""        ",data,editing,edit photos with salesPhotos,no - we offer mobile links with company cam.  potentially the third release of beta.  late 2025.,pulse_photo_annotations_photo_id_fkey: photo_id → pulse_photos.id,"entity_card_pulse_photo_annotations_pkey, entity_card_pulse_photo_annotations_photo_idx","CHECK (annotation_type IS NOT NULL), CHECK (coordinates IS NOT NULL), CHECK (created_at IS NOT NULL), CHECK (created_by IS NOT NULL), CHECK (id IS NOT NULL), CHECK (photo_id IS NOT NULL), CHECK (updated_at IS NOT NULL), FOREIGN KEY (photo_id) REFERENCES pulse_photos(id), PRIMARY KEY (id), NOT NULL (annotation_type), NOT NULL (coordinates), NOT NULL (created_at), NOT NULL (created_by), NOT NULL (id), NOT NULL (photo_id), NOT NULL (updated_at)",,,,,,,,
pulse_photos,,"""pulse_photos""        ""id""        ""uuid""        ""NO""        
""pulse_photos""        ""entity_id""        ""uuid""        ""NO""        
""pulse_photos""        ""entity_type""        ""character varying""        ""NO""        
""pulse_photos""        ""name""        ""character varying""        ""NO""        
""pulse_photos""        ""file_type""        ""character varying""        ""YES""        ""'IMAGE'::character varying""
""pulse_photos""        ""drive_file_id""        ""character varying""        ""NO""        
""pulse_photos""        ""drive_view_link""        ""character varying""        ""YES""        
""pulse_photos""        ""drive_download_link""        ""character varying""        ""YES""        
""pulse_photos""        ""thumbnail_url""        ""character varying""        ""YES""        
""pulse_photos""        ""mime_type""        ""character varying""        ""YES""        
""pulse_photos""        ""size""        ""integer""        ""YES""        
""pulse_photos""        ""created_by""        ""uuid""        ""NO""        
""pulse_photos""        ""is_primary""        ""boolean""        ""YES""        ""false""
""pulse_photos""        ""photo_type""        ""character varying""        ""YES""        
""pulse_photos""        ""capture_date""        ""timestamp without time zone""        ""YES""        
""pulse_photos""        ""labels""        ""jsonb""        ""YES""        
""pulse_photos""        ""annotations""        ""jsonb""        ""YES""        
""pulse_photos""        ""visibility_level""        ""character varying""        ""YES""        ""'ALL'::character varying""
""pulse_photos""        ""is_external_visible""        ""boolean""        ""YES""        ""false""
""pulse_photos""        ""metadata""        ""jsonb""        ""YES""        
""pulse_photos""        ""created_at""        ""timestamp without time zone""        ""NO""        
""pulse_photos""        ""updated_at""        ""timestamp without time zone""        ""NO""        ",data,photos,ability to load photos into the salesBlanket app - data stored in google drive.,yes - i believe we can integrate this with company cam - we can trigger the company cam creation base on a touchpoint or a drive on the track.,null,"entity_card_pulse_photos_pkey, entity_card_pulse_photos_entity_idx, entity_card_pulse_photos_created_by_idx, entity_card_pulse_photos_visibility_idx","CHECK (created_at IS NOT NULL), CHECK (created_by IS NOT NULL), CHECK (drive_file_id IS NOT NULL), CHECK (entity_id IS NOT NULL), CHECK (entity_type IS NOT NULL), CHECK (id IS NOT NULL), CHECK (name IS NOT NULL), CHECK (updated_at IS NOT NULL), PRIMARY KEY (id), NOT NULL (created_at), NOT NULL (created_by), NOT NULL (drive_file_id), NOT NULL (entity_id), NOT NULL (entity_type), NOT NULL (id), NOT NULL (name), NOT NULL (updated_at)",,,,,,,,
pulse_referral_status_history,,"""pulse_referral_status_history""        ""id""        ""uuid""        ""NO""        
""pulse_referral_status_history""        ""referral_id""        ""uuid""        ""NO""        
""pulse_referral_status_history""        ""previous_status""        ""character varying""        ""YES""        
""pulse_referral_status_history""        ""new_status""        ""character varying""        ""NO""        
""pulse_referral_status_history""        ""changed_by""        ""uuid""        ""NO""        
""pulse_referral_status_history""        ""notes""        ""text""        ""YES""        
""pulse_referral_status_history""        ""created_at""        ""timestamp without time zone""        ""NO""        ",tracking,referrals,,,pulse_referral_status_history_referral_id_fkey: referral_id → pulse_lead_referrals.id,"entity_card_pulse_referral_status_history_pkey, entity_card_pulse_referral_history_idx","CHECK (changed_by IS NOT NULL), CHECK (created_at IS NOT NULL), CHECK (id IS NOT NULL), CHECK (new_status IS NOT NULL), CHECK (referral_id IS NOT NULL), FOREIGN KEY (referral_id) REFERENCES pulse_lead_referrals(id), PRIMARY KEY (id), NOT NULL (changed_by), NOT NULL (created_at), NOT NULL (id), NOT NULL (new_status), NOT NULL (referral_id)",,,,,,,,
pulse_role_levels,,"""pulse_role_levels""        ""role""        ""character varying""        ""NO""        
""pulse_role_levels""        ""access_level""        ""integer""        ""NO""        
""pulse_role_levels""        ""description""        ""text""        ""YES""        ",view access,system config,preset access on web app load,yes,null,entity_card_pulse_role_levels_pkey,"CHECK (access_level IS NOT NULL), CHECK (role IS NOT NULL), PRIMARY KEY (role), NOT NULL (access_level), NOT NULL (role)",,,,,,,,
pulse_storage,,"""pulse_storage""        ""id""        ""uuid""        ""NO""        ""uuid_generate_v4()""
""pulse_storage""        ""pulse_id""        ""uuid""        ""YES""        
""pulse_storage""        ""file_id""        ""character varying""        ""YES""        
""pulse_storage""        ""file_name""        ""character varying""        ""YES""        
""pulse_storage""        ""file_type""        ""character varying""        ""YES""        
""pulse_storage""        ""file_url""        ""character varying""        ""YES""        
""pulse_storage""        ""thumbnail_url""        ""character varying""        ""YES""        
""pulse_storage""        ""last_modified""        ""timestamp with time zone""        ""YES""        
""pulse_storage""        ""modified_by""        ""character varying""        ""YES""        
""pulse_storage""        ""created_at""        ""timestamp with time zone""        ""YES""        ""now()""
""pulse_storage""        ""updated_at""        ""timestamp with time zone""        ""YES""        ""now()""",data,documents,"connection with google drive is offered - you can store documents - a folder is created in your google drive, we use the drive ",yes,pulse_storage_pulse_id_fkey: pulse_id → pulse.id,entity_card_pulse_drive_pkey,"CHECK (id IS NOT NULL), FOREIGN KEY (pulse_id) REFERENCES pulse(id), PRIMARY KEY (id)",,,,,,,,
pulse_tasks,,"""pulse_tasks""        ""id""        ""uuid""        ""NO""        ""uuid_generate_v4()""
""pulse_tasks""        ""pulse_id""        ""uuid""        ""YES""        
""pulse_tasks""        ""task_id""        ""character varying""        ""YES""        
""pulse_tasks""        ""title""        ""character varying""        ""YES""        
""pulse_tasks""        ""description""        ""text""        ""YES""        
""pulse_tasks""        ""due_date""        ""timestamp with time zone""        ""YES""        
""pulse_tasks""        ""assigned_to""        ""character varying""        ""YES""        
""pulse_tasks""        ""status""        ""character varying""        ""YES""        
""pulse_tasks""        ""priority""        ""character varying""        ""YES""        
""pulse_tasks""        ""created_at""        ""timestamp with time zone""        ""YES""        ""now()""
""pulse_tasks""        ""updated_at""        ""timestamp with time zone""        ""YES""        ""now()""",organizational,tasks,we will have a native integration with google tasks in the beta trial,yes,pulse_tasks_pulse_id_fkey: pulse_id → pulse.id,entity_card_pulse_tasks_pkey,"CHECK (id IS NOT NULL), FOREIGN KEY (pulse_id) REFERENCES pulse(id), PRIMARY KEY (id)",,,,,,,,
pulse_text,,"""pulse_text""        ""id""        ""uuid""        ""NO""        ""uuid_generate_v4()""
""pulse_text""        ""collection_id""        ""uuid""        ""YES""        
""pulse_text""        ""contact_id""        ""uuid""        ""YES""        
""pulse_text""        ""phone_number""        ""character varying""        ""NO""        
""pulse_text""        ""message_content""        ""text""        ""NO""        
""pulse_text""        ""template_id""        ""uuid""        ""YES""        
""pulse_text""        ""status""        ""character varying""        ""YES""        ""'PENDING'::character varying""
""pulse_text""        ""sent_at""        ""timestamp with time zone""        ""YES""        
""pulse_text""        ""twilio_message_id""        ""character varying""        ""YES""        
""pulse_text""        ""created_by""        ""uuid""        ""YES""        
""pulse_text""        ""created_at""        ""timestamp with time zone""        ""YES""        ""now()""",communications,SMS,Enables SMS messaging integration with Twilio for customer communications based on events and workflows,no,"pulse_text_collection_id_fkey: collection_id → collections.id
pulse_text_contact_id_fkey: contact_id → contacts.id
pulse_text_created_by_fkey: created_by → users.id
pulse_text_template_id_fkey: template_id → communication_templates.id",pulse_text_pkey,"CHECK (id IS NOT NULL), CHECK (message_content IS NOT NULL), CHECK (phone_number IS NOT NULL), FOREIGN KEY (collection_id) REFERENCES collections(id), FOREIGN KEY (contact_id) REFERENCES contacts(id), FOREIGN KEY (created_by) REFERENCES users(id), FOREIGN KEY (template_id) REFERENCES communication_templates(id), PRIMARY KEY (id), NOT NULL (message_content), NOT NULL (phone_number)",,user action or automated event,,,send SMS via Twilio,no delete - maintain communication record,,
pulse_virtual_sales,,"""pulse_virtual_sales""        ""id""        ""uuid""        ""NO""        ""uuid_generate_v4()""
""pulse_virtual_sales""        ""pulse_id""        ""uuid""        ""YES""        
""pulse_virtual_sales""        ""meeting_id""        ""character varying""        ""YES""        
""pulse_virtual_sales""        ""title""        ""character varying""        ""YES""        
""pulse_virtual_sales""        ""start_time""        ""timestamp with time zone""        ""YES""        
""pulse_virtual_sales""        ""end_time""        ""timestamp with time zone""        ""YES""        
""pulse_virtual_sales""        ""attendees""        ""jsonb""        ""YES""        
""pulse_virtual_sales""        ""recording_url""        ""character varying""        ""YES""        
""pulse_virtual_sales""        ""notes_url""        ""character varying""        ""YES""        
""pulse_virtual_sales""        ""status""        ""character varying""        ""YES""        
""pulse_virtual_sales""        ""created_at""        ""timestamp with time zone""        ""YES""        ""now()""
""pulse_virtual_sales""        ""updated_at""        ""timestamp with time zone""        ""YES""        ""now()""",communications,sales management,offering integration with google meets on beta,yes but not on launch,pulse_virtual_sales_pulse_id_fkey: pulse_id → pulse.id,entity_card_pulse_meet_pkey,"CHECK (id IS NOT NULL), FOREIGN KEY (pulse_id) REFERENCES pulse(id), PRIMARY KEY (id)",,,,,,,,
role_goals,,"""role_goals""        ""id""        ""uuid""        ""NO""        ""uuid_generate_v4()""
""role_goals""        ""role_id""        ""uuid""        ""YES""        
""role_goals""        ""goal_definition_id""        ""uuid""        ""YES""        
""role_goals""        ""settings""        ""jsonb""        ""YES""        
""role_goals""        ""created_at""        ""timestamp with time zone""        ""YES""        ""now()""",goals,sales management,we will run simple canvassing goals,yes,null,role_goals_pkey,"CHECK (id IS NOT NULL), PRIMARY KEY (id)",,,,,,,,
role_permissions,,"""role_permissions""        ""id""        ""uuid""        ""NO""        ""uuid_generate_v4()""
""role_permissions""        ""role_id""        ""uuid""        ""YES""        
""role_permissions""        ""permission_id""        ""uuid""        ""YES""        
""role_permissions""        ""settings""        ""jsonb""        ""YES""        
""role_permissions""        ""created_at""        ""timestamp with time zone""        ""YES""        ""now()""
""role_permissions""        ""activity_log_id""        ""uuid""        ""YES""        ",permissions,,,,null,role_permissions_pkey,"CHECK (id IS NOT NULL), PRIMARY KEY (id)",,,,,,,,
role_settings,,"""role_settings""        ""id""        ""uuid""        ""NO""        ""uuid_generate_v4()""
""role_settings""        ""role_id""        ""uuid""        ""YES""        
""role_settings""        ""primary_board_id""        ""uuid""        ""YES""        
""role_settings""        ""primary_department_id""        ""uuid""        ""YES""        
""role_settings""        ""primary_entity_type_id""        ""uuid""        ""YES""        
""role_settings""        ""settings""        ""jsonb""        ""YES""        
""role_settings""        ""created_at""        ""timestamp with time zone""        ""YES""        ""now()""
""role_settings""        ""updated_at""        ""timestamp with time zone""        ""YES""        ""now()""",settings,settings,settings,no,null,role_settings_pkey,"CHECK (id IS NOT NULL), PRIMARY KEY (id)",,,,,,,,
role_views,,"""role_views""        ""id""        ""uuid""        ""NO""        ""uuid_generate_v4()""
""role_views""        ""role_id""        ""uuid""        ""YES""        
""role_views""        ""name""        ""character varying""        ""NO""        
""role_views""        ""description""        ""text""        ""YES""        
""role_views""        ""view_components""        ""jsonb""        ""YES""        
""role_views""        ""metadata""        ""jsonb""        ""YES""        
""role_views""        ""created_at""        ""timestamp with time zone""        ""YES""        ""now()""
""role_views""        ""updated_at""        ""timestamp with time zone""        ""YES""        ""now()""",view access,system config,roles set your view on login,yes,null,role_views_pkey,"CHECK (id IS NOT NULL), CHECK (name IS NOT NULL), PRIMARY KEY (id), NOT NULL (name)",,,,,,,,
roles,,"""roles""        ""id""        ""uuid""        ""NO""        ""uuid_generate_v4()""
""roles""        ""name""        ""character varying""        ""NO""        
""roles""        ""description""        ""text""        ""YES""        
""roles""        ""is_system""        ""boolean""        ""YES""        ""false""
""roles""        ""permissions""        ""jsonb""        ""NO""        ""'{}'::jsonb""
""roles""        ""is_active""        ""boolean""        ""YES""        ""true""
""roles""        ""created_by""        ""uuid""        ""YES""        
""roles""        ""created_at""        ""timestamp with time zone""        ""YES""        ""now()""
""roles""        ""updated_at""        ""timestamp with time zone""        ""YES""        ""now()""",organizational,,Defines user roles for permission management in the system.,,roles_created_by_fkey: created_by → users.id,"idx_role_name, roles_pkey","CHECK (id IS NOT NULL), CHECK (name IS NOT NULL), CHECK (permissions IS NOT NULL), FOREIGN KEY (created_by) REFERENCES users(id), PRIMARY KEY (id), NOT NULL (name)",,,,,,,,
sales_approvals,,"""sales_approvals""        ""id""        ""uuid""        ""NO""        ""uuid_generate_v4()""
""sales_approvals""        ""document_id""        ""uuid""        ""YES""        
""sales_approvals""        ""requestor_id""        ""uuid""        ""YES""        
""sales_approvals""        ""approver_id""        ""uuid""        ""YES""        
""sales_approvals""        ""status""        ""character varying""        ""NO""        ""'PENDING'::character varying""
""sales_approvals""        ""requested_at""        ""timestamp with time zone""        ""YES""        ""now()""
""sales_approvals""        ""responded_at""        ""timestamp with time zone""        ""YES""        
""sales_approvals""        ""notes""        ""text""        ""YES""        
""sales_approvals""        ""rejection_reason""        ""text""        ""YES""        
""sales_approvals""        ""approval_rules_applied""        ""jsonb""        ""YES""        
""sales_approvals""        ""created_at""        ""timestamp with time zone""        ""YES""        ""now()""
""sales_approvals""        ""updated_at""        ""timestamp with time zone""        ""YES""        ""now()""",sales,approvals,a staging area where estimates wait for manager review before being sent to customers.,no,"sales_approvals_approver_id_fkey: approver_id → users.id
sales_approvals_document_id_fkey: document_id → documents.id
sales_approvals_requestor_id_fkey: requestor_id → users.id","idx_sales_approvals_approver, idx_sales_approvals_status, idx_sales_approvals_requestor, idx_sales_approvals_document, sales_approvals_pkey","CHECK (id IS NOT NULL), CHECK (status IS NOT NULL), FOREIGN KEY (approver_id) REFERENCES users(id), FOREIGN KEY (document_id) REFERENCES documents(id), FOREIGN KEY (requestor_id) REFERENCES users(id), PRIMARY KEY (id)",,,,,,,,
sales_drives ,,"""sales_drives""        ""id""        ""uuid""        ""NO""        ""uuid_generate_v4()""
""sales_drives""        ""name""        ""character varying""        ""NO""        
""sales_drives""        ""description""        ""text""        ""YES""        
""sales_drives""        ""drive_type_id""        ""uuid""        ""YES""        
""sales_drives""        ""status""        ""character varying""        ""YES""        ""'ACTIVE'::character varying""
""sales_drives""        ""start_date""        ""date""        ""YES""        
""sales_drives""        ""target_date""        ""date""        ""YES""        
""sales_drives""        ""progress""        ""numeric""        ""YES""        
""sales_drives""        ""owner_id""        ""uuid""        ""YES""        
""sales_drives""        ""collection_id""        ""uuid""        ""YES""        
""sales_drives""        ""is_archived""        ""boolean""        ""YES""        ""false""
""sales_drives""        ""metadata""        ""jsonb""        ""YES""        
""sales_drives""        ""created_at""        ""timestamp with time zone""        ""YES""        ""now()""
""sales_drives""        ""updated_at""        ""timestamp with time zone""        ""YES""        ""now()""",entities,workflows,drives organzie a pattern of buckets,yes,null,sales_drives_pkey,"CHECK (id IS NOT NULL), CHECK (name IS NOT NULL), PRIMARY KEY (id), NOT NULL (name)",,,,,,,,
sales_engine_item_types,,"""sales_engine_item_types""        ""id""        ""uuid""        ""NO""        
""sales_engine_item_types""        ""name""        ""character varying""        ""NO""        
""sales_engine_item_types""        ""description""        ""text""        ""YES""        
""sales_engine_item_types""        ""category""        ""character varying""        ""YES""        
""sales_engine_item_types""        ""created_at""        ""timestamp without time zone""        ""NO""        
""sales_engine_item_types""        ""updated_at""        ""timestamp without time zone""        ""NO""        
""sales_engine_item_zones""        ""id""        ""uuid""        ""NO""        
""sales_engine_item_zones""        ""item_id""        ""uuid""        ""YES""        
""sales_engine_item_zones""        ""zone_id""        ""uuid""        ""NO""        
""sales_engine_item_zones""        ""price""        ""numeric""        ""NO""        
""sales_engine_item_zones""        ""cost""        ""numeric""        ""YES""        
""sales_engine_item_zones""        ""margin""        ""numeric""        ""YES""        
""sales_engine_item_zones""        ""price_multiplier""        ""numeric""        ""YES""        ""1.0""
""sales_engine_item_zones""        ""created_at""        ""timestamp without time zone""        ""NO""        
""sales_engine_item_zones""        ""updated_at""        ""timestamp without time zone""        ""NO""        ",identification,estimate/financial items - dynamic,"Categorizes different types of items that can be sold through the sales engine, fundamental to salesBlanket's estimate and pricing system.",,null,sales_engine_item_types_pkey,"CHECK (created_at IS NOT NULL), CHECK (id IS NOT NULL), CHECK (name IS NOT NULL), CHECK (updated_at IS NOT NULL), PRIMARY KEY (id), NOT NULL (created_at), NOT NULL (id), NOT NULL (name), NOT NULL (updated_at)",,,,,,,,
sales_engine_item_zones,,"""sales_engine_item_zones""        ""id""        ""uuid""        ""NO""        
""sales_engine_item_zones""        ""item_id""        ""uuid""        ""YES""        
""sales_engine_item_zones""        ""zone_id""        ""uuid""        ""NO""        
""sales_engine_item_zones""        ""price""        ""numeric""        ""NO""        
""sales_engine_item_zones""        ""cost""        ""numeric""        ""YES""        
""sales_engine_item_zones""        ""margin""        ""numeric""        ""YES""        
""sales_engine_item_zones""        ""price_multiplier""        ""numeric""        ""YES""        ""1.0""
""sales_engine_item_zones""        ""created_at""        ""timestamp without time zone""        ""NO""        
""sales_engine_item_zones""        ""updated_at""        ""timestamp without time zone""        ""NO""        ",geo spacial entities,control what sales/objects are avaiable by zones.  ,granule control - orginal integration will be with google sheets for consumption,no,sales_engine_item_zones_item_id_fkey: item_id → sales_engine_items.id,sales_engine_item_zones_pkey,"CHECK (created_at IS NOT NULL), CHECK (id IS NOT NULL), CHECK (price IS NOT NULL), CHECK (updated_at IS NOT NULL), CHECK (zone_id IS NOT NULL), FOREIGN KEY (item_id) REFERENCES sales_engine_items(id), PRIMARY KEY (id), NOT NULL (created_at), NOT NULL (id), NOT NULL (price), NOT NULL (updated_at), NOT NULL (zone_id)",,,,,,,,
sales_engine_items,,"""sales_engine_items""        ""id""        ""uuid""        ""NO""        
""sales_engine_items""        ""name""        ""character varying""        ""NO""        
""sales_engine_items""        ""description""        ""text""        ""YES""        
""sales_engine_items""        ""unit""        ""character varying""        ""NO""        
""sales_engine_items""        ""is_active""        ""boolean""        ""YES""        ""true""
""sales_engine_items""        ""display_type""        ""character varying""        ""NO""        
""sales_engine_items""        ""item_type_id""        ""uuid""        ""NO""        
""sales_engine_items""        ""primary_photo_id""        ""uuid""        ""YES""        
""sales_engine_items""        ""created_by""        ""uuid""        ""NO""        
""sales_engine_items""        ""metadata""        ""jsonb""        ""YES""        
""sales_engine_items""        ""created_at""        ""timestamp without time zone""        ""NO""        
""sales_engine_items""        ""updated_at""        ""timestamp without time zone""        ""NO""        
""sales_engine_items""        ""form_definition_id""        ""uuid""        ""YES""        
""sales_engine_items""        ""form_version""        ""integer""        ""YES""        ",data,estimate/financial items - dynamic,this runs bidPerfect,no,null,sales_engine_items_pkey,"CHECK (created_at IS NOT NULL), CHECK (created_by IS NOT NULL), CHECK (display_type IS NOT NULL), CHECK (id IS NOT NULL), CHECK (item_type_id IS NOT NULL), CHECK (name IS NOT NULL), CHECK (unit IS NOT NULL), CHECK (updated_at IS NOT NULL), PRIMARY KEY (id), NOT NULL (created_at), NOT NULL (created_by), NOT NULL (display_type), NOT NULL (id), NOT NULL (item_type_id), NOT NULL (name), NOT NULL (unit), NOT NULL (updated_at)",,,,,,,,
sales_stop_settings,,"""sales_stop_settings""        ""id""        ""uuid""        ""NO""        ""uuid_generate_v4()""
""sales_stop_settings""        ""stop_id""        ""uuid""        ""YES""        
""sales_stop_settings""        ""visibility_rules""        ""jsonb""        ""YES""        
""sales_stop_settings""        ""display_order""        ""integer""        ""YES""        
""sales_stop_settings""        ""color""        ""character varying""        ""YES""        
""sales_stop_settings""        ""icon""        ""character varying""        ""YES""        
""sales_stop_settings""        ""is_archived""        ""boolean""        ""YES""        ""false""
""sales_stop_settings""        ""metadata""        ""jsonb""        ""YES""        
""sales_stop_settings""        ""created_at""        ""timestamp with time zone""        ""YES""        ""now()""
""sales_stop_settings""        ""updated_at""        ""timestamp with time zone""        ""YES""        ""now()""",settings,settings,settings,no,null,sales_stop_settings_pkey,"CHECK (id IS NOT NULL), PRIMARY KEY (id)",,UI Created,activity log,,,,,
sales_stop_touchpoint_assignments,,"""sales_stop_touchpoint_assignments""        ""id""        ""uuid""        ""NO""        ""uuid_generate_v4()""
""sales_stop_touchpoint_assignments""        ""stop_type_id""        ""uuid""        ""YES""        
""sales_stop_touchpoint_assignments""        ""description""        ""text""        ""YES""        
""sales_stop_touchpoint_assignments""        ""is_active""        ""boolean""        ""YES""        ""true""
""sales_stop_touchpoint_assignments""        ""color""        ""character varying""        ""YES""        
""sales_stop_touchpoint_assignments""        ""icon""        ""character varying""        ""YES""        
""sales_stop_touchpoint_assignments""        ""metadata""        ""jsonb""        ""YES""        
""sales_stop_touchpoint_assignments""        ""created_at""        ""timestamp with time zone""        ""YES""        ""now()""
""sales_stop_touchpoint_assignments""        ""updated_at""        ""timestamp with time zone""        ""YES""        ""now()""
""sales_stop_touchpoint_assignments""        ""touchpoint_id""        ""uuid""        ""YES""        
""sales_stop_touchpoint_assignments""        ""status""        ""character varying""        ""YES""        ""'ACTIVE'::character varying""",workflows,touchpoints are assigned to buckets here ,"core structure - when entities are updated with actions we assign those actions as a touchpioint, when it is satisfied the entity moves to the next touchpoint - potentially shifting buckets, drives or tracks",yes,null,sales_stop_touchpoint_assignments_pkey,"CHECK (id IS NOT NULL), PRIMARY KEY (id)",,entity workflow - user or system,,,,,,
sales_stop_types,,"""sales_stop_types""        ""id""        ""uuid""        ""NO""        ""uuid_generate_v4()""
""sales_stop_types""        ""stop_name""        ""character varying""        ""NO""        
""sales_stop_types""        ""description""        ""text""        ""YES""        
""sales_stop_types""        ""is_active""        ""boolean""        ""YES""        ""true""
""sales_stop_types""        ""color""        ""character varying""        ""YES""        
""sales_stop_types""        ""settings""        ""jsonb""        ""YES""        
""sales_stop_types""        ""created_at""        ""timestamp with time zone""        ""YES""        ""now()""
""sales_stop_types""        ""updated_at""        ""timestamp with time zone""        ""YES""        ""now()""",identification,workflows,bucket identification - custom to your workflow,yes,null,sales_stop_types_pkey,"CHECK (id IS NOT NULL), CHECK (stop_name IS NOT NULL), PRIMARY KEY (id), NOT NULL (stop_name)",,UI created,,,,,,
sales_stops,"BucketView, BucketDragDrop components; Visualizes buckets in workflow; Allows drag-and-drop of entities between buckets; Shows entity count and status","""sales_stops""        ""id""        ""uuid""        ""NO""        ""uuid_generate_v4()""
""sales_stops""        ""name""        ""character varying""        ""NO""        
""sales_stops""        ""description""        ""text""        ""YES""        
""sales_stops""        ""stop_type_id""        ""uuid""        ""YES""        
""sales_stops""        ""status""        ""character varying""        ""YES""        ""'ACTIVE'::character varying""
""sales_stops""        ""order_index""        ""integer""        ""YES""        
""sales_stops""        ""color""        ""character varying""        ""YES""        
""sales_stops""        ""icon""        ""character varying""        ""YES""        
""sales_stops""        ""is_default""        ""boolean""        ""YES""        ""false""
""sales_stops""        ""is_system""        ""boolean""        ""YES""        ""false""
""sales_stops""        ""workflow_id""        ""uuid""        ""YES""        
""sales_stops""        ""metadata""        ""jsonb""        ""YES""        
""sales_stops""        ""created_by""        ""uuid""        ""YES""        
""sales_stops""        ""created_at""        ""timestamp with time zone""        ""YES""        ""now()""
""sales_stops""        ""updated_at""        ""timestamp with time zone""        ""YES""        ""now()""",worfklow entities,"entities are filtered to the buckets through the tracks, drives, to the bucket.  buckets contain touchpoints.  touchpoints are assigned to entities when need touch for work done",organizational workflow tool,yes,null,sales_stops_pkey,"CHECK (id IS NOT NULL), CHECK (name IS NOT NULL), PRIMARY KEY (id), NOT NULL (name)",,,,,,,,
sales_track_departments,,"""sales_track_departments""        ""id""        ""uuid""        ""NO""        ""uuid_generate_v4()""
""sales_track_departments""        ""track_id""        ""uuid""        ""NO""        
""sales_track_departments""        ""department_id""        ""uuid""        ""NO""        
""sales_track_departments""        ""access_level""        ""character varying""        ""YES""        ""'VIEWER'::character varying""
""sales_track_departments""        ""created_at""        ""timestamp with time zone""        ""YES""        ""now()""
""sales_track_departments""        ""updated_at""        ""timestamp with time zone""        ""YES""        ""now()""",,,,,null,sales_track_departments_pkey,"CHECK (department_id IS NOT NULL), CHECK (id IS NOT NULL), CHECK (track_id IS NOT NULL), PRIMARY KEY (id), NOT NULL (department_id), NOT NULL (track_id)",,,,,,,,
sales_track_drives,,"""sales_track_drives""        ""id""        ""uuid""        ""NO""        ""uuid_generate_v4()""
""sales_track_drives""        ""track_id""        ""uuid""        ""NO""        
""sales_track_drives""        ""drive_id""        ""uuid""        ""NO""        
""sales_track_drives""        ""position""        ""integer""        ""YES""        
""sales_track_drives""        ""status""        ""character varying""        ""YES""        ""'ACTIVE'::character varying""
""sales_track_drives""        ""created_at""        ""timestamp with time zone""        ""YES""        ""now()""
""sales_track_drives""        ""updated_at""        ""timestamp with time zone""        ""YES""        ""now()""",joining_tables,,"Links sales tracks to drives, defining the path that drives can follow within the sales process.",,null,sales_track_drives_pkey,"CHECK (drive_id IS NOT NULL), CHECK (id IS NOT NULL), CHECK (track_id IS NOT NULL), PRIMARY KEY (id), NOT NULL (drive_id), NOT NULL (track_id)",,,,,,,,
sales_track_types,,"""sales_track_types""        ""id""        ""uuid""        ""NO""        ""uuid_generate_v4()""
""sales_track_types""        ""name""        ""character varying""        ""NO""        
""sales_track_types""        ""description""        ""text""        ""YES""        
""sales_track_types""        ""icon""        ""character varying""        ""YES""        
""sales_track_types""        ""color""        ""character varying""        ""YES""        
""sales_track_types""        ""is_active""        ""boolean""        ""YES""        ""true""
""sales_track_types""        ""created_at""        ""timestamp with time zone""        ""YES""        ""now()""
""sales_track_types""        ""updated_at""        ""timestamp with time zone""        ""YES""        ""now()""",identification,workflows,"Categorizes different sales process tracks, supporting the salesBlanket system of salesDrives, salesTracks, and salesStops.",,null,sales_track_types_pkey,"CHECK (id IS NOT NULL), CHECK (name IS NOT NULL), PRIMARY KEY (id), NOT NULL (name)",,,,,,,,
sales_tracks,,"""sales_tracks""        ""id""        ""uuid""        ""NO""        ""uuid_generate_v4()""
""sales_tracks""        ""name""        ""character varying""        ""NO""        
""sales_tracks""        ""description""        ""text""        ""YES""        
""sales_tracks""        ""track_type_id""        ""uuid""        ""YES""        
""sales_tracks""        ""status""        ""character varying""        ""YES""        ""'ACTIVE'::character varying""
""sales_tracks""        ""order_index""        ""integer""        ""YES""        
""sales_tracks""        ""is_default""        ""boolean""        ""YES""        ""false""
""sales_tracks""        ""metadata""        ""jsonb""        ""YES""        
""sales_tracks""        ""created_at""        ""timestamp with time zone""        ""YES""        ""now()""
""sales_tracks""        ""updated_at""        ""timestamp with time zone""        ""YES""        ""now()""
""sales_tracks""        ""department_id""        ""uuid""        ""YES""        ",entities,workflows,"entities - especially leads AKA opportunities, addresses, and contacts all drive on the track to success!",yes,null,sales_tracks_pkey,"CHECK (id IS NOT NULL), CHECK (name IS NOT NULL), PRIMARY KEY (id), NOT NULL (name)",,,,,,,,
saved_filters,,"""saved_filters""        ""id""        ""uuid""        ""NO""        ""uuid_generate_v4()""
""saved_filters""        ""name""        ""character varying""        ""NO""        
""saved_filters""        ""description""        ""text""        ""YES""        
""saved_filters""        ""entity_type_id""        ""uuid""        ""YES""        
""saved_filters""        ""filter_definition""        ""jsonb""        ""NO""        
""saved_filters""        ""is_global""        ""boolean""        ""YES""        ""false""
""saved_filters""        ""created_by""        ""uuid""        ""YES""        
""saved_filters""        ""created_at""        ""timestamp with time zone""        ""YES""        ""now()""
""saved_filters""        ""updated_at""        ""timestamp with time zone""        ""YES""        ""now()""",entity management,workflows,"preset filters for tracks, drives, buckets, and touchpoints",yes,"saved_filters_created_by_fkey: created_by → users.id
saved_filters_entity_type_id_fkey: entity_type_id → entity_types.id",saved_filters_pkey,"CHECK (filter_definition IS NOT NULL), CHECK (id IS NOT NULL), CHECK (name IS NOT NULL), FOREIGN KEY (created_by) REFERENCES users(id), FOREIGN KEY (entity_type_id) REFERENCES entity_types(id), PRIMARY KEY (id), NOT NULL (filter_definition), NOT NULL (name)",,,,,,,,
social_media_interactions,,"""social_media_interactions""        ""id""        ""uuid""        ""NO""        
""social_media_interactions""        ""platform""        ""character varying""        ""NO""        
""social_media_interactions""        ""interaction_type""        ""character varying""        ""NO""        
""social_media_interactions""        ""platform_user_id""        ""character varying""        ""YES""        
""social_media_interactions""        ""content""        ""text""        ""YES""        
""social_media_interactions""        ""digital_lead_id""        ""uuid""        ""YES""        
""social_media_interactions""        ""metadata""        ""jsonb""        ""YES""        
""social_media_interactions""        ""created_at""        ""timestamp without time zone""        ""NO""        ",marketing,,Records interactions from social media platforms that may lead to lead generation or customer engagement.,,social_media_interactions_digital_lead_id_fkey: digital_lead_id → digital_leads.id,social_media_interactions_pkey,"CHECK (created_at IS NOT NULL), CHECK (id IS NOT NULL), CHECK (interaction_type IS NOT NULL), CHECK (platform IS NOT NULL), FOREIGN KEY (digital_lead_id) REFERENCES digital_leads(id), PRIMARY KEY (id), NOT NULL (created_at), NOT NULL (id), NOT NULL (interaction_type), NOT NULL (platform)",,,,,,,,
streets,,"""streets""        ""id""        ""uuid""        ""NO""        
""streets""        ""name""        ""character varying""        ""NO""        
""streets""        ""suffix""        ""character varying""        ""YES""        
""streets""        ""city""        ""character varying""        ""YES""        
""streets""        ""state""        ""character varying""        ""YES""        
""streets""        ""zip_code""        ""character varying""        ""YES""        
""streets""        ""geometry_data""        ""USER-DEFINED""        ""YES""        
""streets""        ""is_active""        ""boolean""        ""YES""        ""true""
""streets""        ""metadata""        ""jsonb""        ""YES""        
""streets""        ""created_at""        ""timestamp with time zone""        ""YES""        
""streets""        ""updated_at""        ""timestamp with time zone""        ""YES""        ",geo spacial entities,neighborhoods,used to organize a street of addresses for a team to sell,no,null,streets_pkey,"CHECK (id IS NOT NULL), CHECK (name IS NOT NULL), PRIMARY KEY (id), NOT NULL (id), NOT NULL (name)",,,,,On creation: Check for matching neighborhood,,,
team_goals,,"""team_goals""        ""id""        ""uuid""        ""NO""        
""team_goals""        ""team_id""        ""uuid""        ""YES""        
""team_goals""        ""title""        ""character varying""        ""NO""        
""team_goals""        ""description""        ""text""        ""YES""        
""team_goals""        ""goal_type""        ""character varying""        ""YES""        
""team_goals""        ""target_value""        ""numeric""        ""YES""        
""team_goals""        ""current_value""        ""numeric""        ""YES""        
""team_goals""        ""start_date""        ""date""        ""YES""        
""team_goals""        ""target_date""        ""date""        ""YES""        
""team_goals""        ""status""        ""character varying""        ""YES""        ""'ACTIVE'::character varying""
""team_goals""        ""priority""        ""integer""        ""YES""        
""team_goals""        ""parent_goal_id""        ""uuid""        ""YES""        
""team_goals""        ""created_by""        ""uuid""        ""NO""        
""team_goals""        ""created_at""        ""timestamp without time zone""        ""NO""        
""team_goals""        ""updated_at""        ""timestamp without time zone""        ""NO""        ",goals,sales management,team goals for canvassing / closer teams,yes,null,team_goals_pkey,"CHECK (created_at IS NOT NULL), CHECK (created_by IS NOT NULL), CHECK (id IS NOT NULL), CHECK (title IS NOT NULL), CHECK (updated_at IS NOT NULL), PRIMARY KEY (id), NOT NULL (created_at), NOT NULL (created_by), NOT NULL (id), NOT NULL (title), NOT NULL (updated_at)",,,,,,,,
team_members,,"""team_members""        ""id""        ""uuid""        ""NO""        ""uuid_generate_v4()""
""team_members""        ""team_id""        ""uuid""        ""YES""        
""team_members""        ""user_id""        ""uuid""        ""YES""        
""team_members""        ""joined_at""        ""timestamp with time zone""        ""YES""        ""now()""
""team_members""        ""metadata""        ""jsonb""        ""YES""        ",organizational,assign users to a team to grant additional views,can be used with geo spacial neighborhoods and streets,yes,team_members_team_id_fkey: team_id → teams.id,"team_members_team_id_user_id_key, team_members_pkey","CHECK (id IS NOT NULL), PRIMARY KEY (id), UNIQUE (team_id), UNIQUE (user_id)",,,,,,,,
team_neighborhoods,,"""team_neighborhoods""        ""id""        ""uuid""        ""NO""        ""uuid_generate_v4()""
""team_neighborhoods""        ""team_id""        ""uuid""        ""YES""        
""team_neighborhoods""        ""neighborhood_id""        ""uuid""        ""YES""        
""team_neighborhoods""        ""start_date""        ""date""        ""YES""        
""team_neighborhoods""        ""end_date""        ""date""        ""YES""        
""team_neighborhoods""        ""priority""        ""integer""        ""YES""        
""team_neighborhoods""        ""metadata""        ""jsonb""        ""YES""        
""team_neighborhoods""        ""created_at""        ""timestamp with time zone""        ""YES""        ""now()""
""team_neighborhoods""        ""updated_at""        ""timestamp with time zone""        ""YES""        ""now()""",organizational,assignments,,,null,team_neighborhoods_pkey,"CHECK (id IS NOT NULL), PRIMARY KEY (id)",,,,,,,,
team_settings,,"""team_settings""        ""id""        ""uuid""        ""NO""        ""uuid_generate_v4()""
""team_settings""        ""team_id""        ""uuid""        ""YES""        
""team_settings""        ""settings""        ""jsonb""        ""YES""        
""team_settings""        ""notification_preferences""        ""jsonb""        ""YES""        
""team_settings""        ""display_preferences""        ""jsonb""        ""YES""        
""team_settings""        ""ai_features_enabled""        ""boolean""        ""YES""        ""false""
""team_settings""        ""created_at""        ""timestamp with time zone""        ""YES""        ""now()""
""team_settings""        ""updated_at""        ""timestamp with time zone""        ""YES""        ""now()""",settings,settings,settings,no,null,team_settings_pkey,"CHECK (id IS NOT NULL), PRIMARY KEY (id)",,,,,,,,
teams,,"""teams""        ""id""        ""uuid""        ""NO""        ""uuid_generate_v4()""
""teams""        ""name""        ""character varying""        ""NO""        
""teams""        ""team_leader_user_id""        ""uuid""        ""YES""        
""teams""        ""district_id""        ""uuid""        ""YES""        
""teams""        ""description""        ""text""        ""YES""        
""teams""        ""status""        ""character varying""        ""YES""        ""'ACTIVE'::character varying""
""teams""        ""boundaries""        ""jsonb""        ""YES""        
""teams""        ""geo_json""        ""USER-DEFINED""        ""YES""        
""teams""        ""color""        ""character varying""        ""YES""        
""teams""        ""opacity""        ""numeric""        ""YES""        
""teams""        ""line_width""        ""integer""        ""YES""        
""teams""        ""metadata""        ""jsonb""        ""YES""        
""teams""        ""created_at""        ""timestamp with time zone""        ""YES""        ""now()""
""teams""        ""updated_at""        ""timestamp with time zone""        ""YES""        ""now()""
""teams""        ""is_active""        ""boolean""        ""NO""        ""true""",organizational entities,entity that holds the record of the team ,set your team status to active or not,,null,teams_pkey,"CHECK (id IS NOT NULL), CHECK (is_active IS NOT NULL), CHECK (name IS NOT NULL), PRIMARY KEY (id), NOT NULL (name)",,,,,,,,
touchpoint_achievements,,"""touchpoint_achievements""        ""id""        ""uuid""        ""NO""        ""uuid_generate_v4()""
""touchpoint_achievements""        ""touchpoint_code_id""        ""uuid""        ""YES""        
""touchpoint_achievements""        ""achievement_type_id""        ""uuid""        ""YES""        
""touchpoint_achievements""        ""created_at""        ""timestamp with time zone""        ""YES""        ""now()""
""touchpoint_achievements""        ""updated_at""        ""timestamp with time zone""        ""YES""        ""now()""",tracking,touchpoints,,,"touchpoint_achievements_achievement_type_id_fkey: achievement_type_id → entity_achievement_types.id
touchpoint_achievements_touchpoint_code_id_fkey: touchpoint_code_id → touchpoint_types.id",touchpoint_achievements_pkey,"CHECK (id IS NOT NULL), FOREIGN KEY (achievement_type_id) REFERENCES entity_achievement_types(id), FOREIGN KEY (touchpoint_code_id) REFERENCES touchpoint_types(id), PRIMARY KEY (id)",,,,,,,,
touchpoint_applicable_entities,,"""touchpoint_applicable_entities""        ""id""        ""uuid""        ""NO""        ""uuid_generate_v4()""
""touchpoint_applicable_entities""        ""touchpoint_code_id""        ""uuid""        ""YES""        
""touchpoint_applicable_entities""        ""entity_type_id""        ""uuid""        ""YES""        
""touchpoint_applicable_entities""        ""created_at""        ""timestamp with time zone""        ""YES""        ""now()""",view access,defines what touchpoints can be applied to which entity types,fully custom,yes,"touchpoint_applicable_entities_entity_type_id_fkey: entity_type_id → entity_types.id
touchpoint_applicable_entities_touchpoint_code_id_fkey: touchpoint_code_id → touchpoint_types.id",touchpoint_applicable_entities_pkey,"CHECK (id IS NOT NULL), FOREIGN KEY (entity_type_id) REFERENCES entity_types(id), FOREIGN KEY (touchpoint_code_id) REFERENCES touchpoint_types(id), PRIMARY KEY (id)",,,,,,,,
touchpoint_types,,"""touchpoint_types""        ""id""        ""uuid""        ""NO""        ""uuid_generate_v4()""
""touchpoint_types""        ""name""        ""character varying""        ""NO""        
""touchpoint_types""        ""description""        ""text""        ""YES""        
""touchpoint_types""        ""icon""        ""character varying""        ""YES""        
""touchpoint_types""        ""color""        ""character varying""        ""YES""        
""touchpoint_types""        ""default_follow_up_days""        ""integer""        ""YES""        
""touchpoint_types""        ""is_active""        ""boolean""        ""YES""        ""true""
""touchpoint_types""        ""requires_task""        ""boolean""        ""YES""        ""false""
""touchpoint_types""        ""no_show""        ""boolean""        ""YES""        ""false""
""touchpoint_types""        ""display_config""        ""jsonb""        ""YES""        
""touchpoint_types""        ""is_team_visible""        ""boolean""        ""YES""        ""false""
""touchpoint_types""        ""settings""        ""jsonb""        ""YES""        
""touchpoint_types""        ""created_at""        ""timestamp with time zone""        ""YES""        ""now()""
""touchpoint_types""        ""updated_at""        ""timestamp with time zone""        ""YES""        ""now()""",identification,workflows,"Defines different types of customer interactions or ""touchpoints,"" supporting salesBlanket's customer engagement tracking.",,null,touchpoint_types_pkey,"CHECK (id IS NOT NULL), CHECK (name IS NOT NULL), PRIMARY KEY (id), NOT NULL (name)",,,,,,,,
touchpoints,,"""touchpoints""        ""id""        ""uuid""        ""NO""        ""uuid_generate_v4()""
""touchpoints""        ""entity_type_id""        ""uuid""        ""YES""        
""touchpoints""        ""address_id""        ""uuid""        ""YES""        
""touchpoints""        ""contact_id""        ""uuid""        ""YES""        
""touchpoints""        ""opportunity_id""        ""uuid""        ""YES""        
""touchpoints""        ""user_id""        ""uuid""        ""YES""        
""touchpoints""        ""zone_id""        ""uuid""        ""YES""        
""touchpoints""        ""created_at""        ""timestamp with time zone""        ""YES""        ""now()""
""touchpoints""        ""is_automated""        ""boolean""        ""YES""        ""false""",entities,workflows,"key accomplishments to move entities from one bucket to another, potentially driving the lead to another track.",yes,"touchpoints_address_id_fkey: address_id → addresses.id
touchpoints_contact_id_fkey: contact_id → contacts.id
touchpoints_entity_type_id_fkey: entity_type_id → entity_types.id
touchpoints_opportunity_id_fkey: opportunity_id → opportunities.id
touchpoints_user_id_fkey: user_id → users.id
touchpoints_zone_id_fkey: zone_id → zones.id",touchpoints_pkey,"CHECK (id IS NOT NULL), FOREIGN KEY (address_id) REFERENCES addresses(id), FOREIGN KEY (contact_id) REFERENCES contacts(id), FOREIGN KEY (entity_type_id) REFERENCES entity_types(id), FOREIGN KEY (opportunity_id) REFERENCES opportunities(id), FOREIGN KEY (user_id) REFERENCES users(id), FOREIGN KEY (zone_id) REFERENCES zones(id), PRIMARY KEY (id)",,,,,,,,
user_analytics,,"""user_analytics""        ""id""        ""uuid""        ""NO""        ""uuid_generate_v4()""
""user_analytics""        ""user_id""        ""uuid""        ""YES""        
""user_analytics""        ""entity_id""        ""uuid""        ""YES""        
""user_analytics""        ""action""        ""character varying""        ""NO""        
""user_analytics""        ""occurred_at""        ""timestamp with time zone""        ""YES""        ""now()""
""user_analytics""        ""ip_address""        ""character varying""        ""YES""        
""user_analytics""        ""device""        ""jsonb""        ""YES""        
""user_analytics""        ""geo""        ""jsonb""        ""YES""        
""user_analytics""        ""meta""        ""jsonb""        ""YES""        
""user_analytics""        ""perf""        ""jsonb""        ""YES""        ",tracking,ai ML model will be learning sales rep behavior to imrove analytics,,,user_analytics_user_id_fkey: user_id → users.id,"idx_analytics_entity, user_analytics_pkey, idx_analytics_user_time, idx_analytics_meta, idx_analytics_device, idx_analytics_ip","CHECK ((jsonb_typeof(device) = 'object'::text)), CHECK ((jsonb_typeof(geo) = 'object'::text)), CHECK ((jsonb_typeof(meta) = 'object'::text)), CHECK (action IS NOT NULL), CHECK (id IS NOT NULL), FOREIGN KEY (user_id) REFERENCES users(id), PRIMARY KEY (id), NOT NULL (action)",,,,,,,,
user_filters,,"""user_filters""        ""id""        ""uuid""        ""NO""        ""uuid_generate_v4()""
""user_filters""        ""user_id""        ""uuid""        ""YES""        
""user_filters""        ""filter_id""        ""uuid""        ""YES""        
""user_filters""        ""is_favorite""        ""boolean""        ""YES""        ""false""
""user_filters""        ""last_used""        ""timestamp with time zone""        ""YES""        
""user_filters""        ""created_at""        ""timestamp with time zone""        ""YES""        ""now()""
""user_filters""        ""updated_at""        ""timestamp with time zone""        ""YES""        ""now()""",filters,workflows,user can preset filters,no - second release,"user_filters_filter_id_fkey: filter_id → saved_filters.id
user_filters_user_id_fkey: user_id → users.id",user_filters_pkey,"CHECK (id IS NOT NULL), FOREIGN KEY (filter_id) REFERENCES saved_filters(id), FOREIGN KEY (user_id) REFERENCES users(id), PRIMARY KEY (id)",,,,,,,,
user_google_tokens,,"""user_google_tokens""        ""id""        ""uuid""        ""NO""        ""uuid_generate_v4()""
""user_google_tokens""        ""user_id""        ""uuid""        ""NO""        
""user_google_tokens""        ""access_token""        ""text""        ""NO""        
""user_google_tokens""        ""refresh_token""        ""text""        ""YES""        
""user_google_tokens""        ""id_token""        ""text""        ""YES""        
""user_google_tokens""        ""expiry_date""        ""timestamp with time zone""        ""NO""        
""user_google_tokens""        ""scopes""        ""ARRAY""        ""YES""        
""user_google_tokens""        ""created_at""        ""timestamp with time zone""        ""NO""        ""now()""
""user_google_tokens""        ""updated_at""        ""timestamp with time zone""        ""NO""        ""now()""",tracking,marketing,website component - salesBlanket offers custom website service ,,user_google_tokens_user_id_fkey: user_id → users.id,"user_google_tokens_pkey, idx_user_google_tokens_user_id","CHECK (access_token IS NOT NULL), CHECK (created_at IS NOT NULL), CHECK (expiry_date IS NOT NULL), CHECK (id IS NOT NULL), CHECK (updated_at IS NOT NULL), CHECK (user_id IS NOT NULL), FOREIGN KEY (user_id) REFERENCES users(id), PRIMARY KEY (id), NOT NULL (access_token), NOT NULL (expiry_date), NOT NULL (user_id)",,,,,,,,
user_roles,,"""user_roles""        ""id""        ""uuid""        ""NO""        ""uuid_generate_v4()""
""user_roles""        ""user_id""        ""uuid""        ""YES""        
""user_roles""        ""role_id""        ""uuid""        ""YES""        
""user_roles""        ""settings""        ""jsonb""        ""YES""        
""user_roles""        ""created_at""        ""timestamp with time zone""        ""YES""        ""now()""",organizational,assign roles to users ,you can set custom view by way of table permission to customize the access,yes,null,user_roles_pkey,"CHECK (id IS NOT NULL), PRIMARY KEY (id)",,,,,,,,
user_settings,,"""user_settings""        ""id""        ""uuid""        ""NO""        ""uuid_generate_v4()""
""user_settings""        ""user_id""        ""uuid""        ""YES""        
""user_settings""        ""notification_setting_id""        ""uuid""        ""YES""        
""user_settings""        ""value""        ""jsonb""        ""YES""        
""user_settings""        ""created_at""        ""timestamp with time zone""        ""YES""        ""now()""
""user_settings""        ""updated_at""        ""timestamp with time zone""        ""YES""        ""now()""",settings,settings,settings,no,null,user_settings_pkey,"CHECK (id IS NOT NULL), PRIMARY KEY (id)",,,,,,,,
user_view_preferences,,"""user_view_preferences""        ""id""        ""uuid""        ""NO""        ""uuid_generate_v4()""
""user_view_preferences""        ""user_id""        ""uuid""        ""YES""        
""user_view_preferences""        ""view_configuration_id""        ""uuid""        ""YES""        
""user_view_preferences""        ""is_favorite""        ""boolean""        ""YES""        ""false""
""user_view_preferences""        ""custom_settings""        ""jsonb""        ""YES""        
""user_view_preferences""        ""created_at""        ""timestamp with time zone""        ""YES""        ""now()""
""user_view_preferences""        ""updated_at""        ""timestamp with time zone""        ""YES""        ""now()""",settings,settings,settings,no,null,user_view_preferences_pkey,"CHECK (id IS NOT NULL), PRIMARY KEY (id)",,,,,,,,
user_zone_scope,,"""user_zone_scope""        ""id""        ""uuid""        ""NO""        ""uuid_generate_v4()""
""user_zone_scope""        ""user_id""        ""uuid""        ""YES""        
""user_zone_scope""        ""zone_id""        ""uuid""        ""YES""        
""user_zone_scope""        ""assigned_at""        ""timestamp with time zone""        ""YES""        
""user_zone_scope""        ""assigned_by""        ""uuid""        ""YES""        
""user_zone_scope""        ""is_active""        ""boolean""        ""YES""        ""true""
""user_zone_scope""        ""metadata""        ""jsonb""        ""YES""        
""user_zone_scope""        ""created_at""        ""timestamp with time zone""        ""YES""        ""now()""
""user_zone_scope""        ""updated_at""        ""timestamp with time zone""        ""YES""        ""now()""",geo spacial entities,permissions and access,granule control,no,null,user_zone_scope_pkey,"CHECK (id IS NOT NULL), PRIMARY KEY (id)",,,,,,,,
users,,"""users""        ""id""        ""uuid""        ""NO""        ""uuid_generate_v4()""
""users""        ""username""        ""character varying""        ""NO""        
""users""        ""password_hash""        ""character varying""        ""NO""        
""users""        ""email""        ""character varying""        ""NO""        
""users""        ""first_name""        ""character varying""        ""YES""        
""users""        ""last_name""        ""character varying""        ""YES""        
""users""        ""status""        ""character varying""        ""YES""        ""'ACTIVE'::character varying""
""users""        ""avatar_url""        ""character varying""        ""YES""        
""users""        ""last_login""        ""timestamp with time zone""        ""YES""        
""users""        ""preferences""        ""jsonb""        ""YES""        
""users""        ""metadata""        ""jsonb""        ""YES""        
""users""        ""created_at""        ""timestamp with time zone""        ""YES""        ""now()""
""users""        ""updated_at""        ""timestamp with time zone""        ""YES""        ""now()""
""users""        ""is_external""        ""boolean""        ""YES""        ""false""",organizational entities,user record needed to access the application,we have flags for external users on creation - they expire.,yes,null,"users_email_key, users_pkey, users_username_key","CHECK (email IS NOT NULL), CHECK (id IS NOT NULL), CHECK (password_hash IS NOT NULL), CHECK (username IS NOT NULL), PRIMARY KEY (id), UNIQUE (email), UNIQUE (username), NOT NULL (email), NOT NULL (password_hash), NOT NULL (username)",,,,,,,,
view_configurations,,"""view_configurations""        ""id""        ""uuid""        ""NO""        ""uuid_generate_v4()""
""view_configurations""        ""view_type_id""        ""uuid""        ""YES""        
""view_configurations""        ""name""        ""character varying""        ""NO""        
""view_configurations""        ""config""        ""jsonb""        ""YES""        
""view_configurations""        ""is_system""        ""boolean""        ""YES""        ""false""
""view_configurations""        ""is_default""        ""boolean""        ""YES""        ""false""
""view_configurations""        ""created_by""        ""uuid""        ""YES""        
""view_configurations""        ""metadata""        ""jsonb""        ""YES""        
""view_configurations""        ""created_at""        ""timestamp with time zone""        ""YES""        ""now()""
""view_configurations""        ""updated_at""        ""timestamp with time zone""        ""YES""        ""now()""",configurations,system,on startup,yes,null,view_configurations_pkey,"CHECK (id IS NOT NULL), CHECK (name IS NOT NULL), PRIMARY KEY (id), NOT NULL (name)",,,,,,,,
view_types,,"""view_types""        ""id""        ""uuid""        ""NO""        ""uuid_generate_v4()""
""view_types""        ""name""        ""character varying""        ""NO""        
""view_types""        ""component_path""        ""character varying""        ""YES""        
""view_types""        ""icon""        ""character varying""        ""YES""        
""view_types""        ""description""        ""text""        ""YES""        
""view_types""        ""default_config""        ""jsonb""        ""YES""        
""view_types""        ""created_at""        ""timestamp with time zone""        ""YES""        ""now()""
""view_types""        ""updated_at""        ""timestamp with time zone""        ""YES""        ""now()""",identification,system,"Defines different ways to visualize and interact with data in the salesBlanket application, supporting customizable user interfaces.",,null,view_types_pkey,"CHECK (id IS NOT NULL), CHECK (name IS NOT NULL), PRIMARY KEY (id), NOT NULL (name)",,,,,,,,
visitor_sessions,,"""visitor_sessions""        ""id""        ""uuid""        ""NO""        
""visitor_sessions""        ""session_id""        ""character varying""        ""NO""        
""visitor_sessions""        ""ip_address""        ""character varying""        ""YES""        
""visitor_sessions""        ""user_agent""        ""text""        ""YES""        
""visitor_sessions""        ""referrer_url""        ""text""        ""YES""        
""visitor_sessions""        ""landing_page""        ""character varying""        ""YES""        
""visitor_sessions""        ""utm_source""        ""character varying""        ""YES""        
""visitor_sessions""        ""utm_medium""        ""character varying""        ""YES""        
""visitor_sessions""        ""utm_campaign""        ""character varying""        ""YES""        
""visitor_sessions""        ""utm_term""        ""character varying""        ""YES""        
""visitor_sessions""        ""utm_content""        ""character varying""        ""YES""        
""visitor_sessions""        ""visit_start""        ""timestamp without time zone""        ""NO""        
""visitor_sessions""        ""visit_end""        ""timestamp without time zone""        ""YES""        
""visitor_sessions""        ""device_type""        ""character varying""        ""YES""        
""visitor_sessions""        ""browser""        ""character varying""        ""YES""        
""visitor_sessions""        ""os""        ""character varying""        ""YES""        
""visitor_sessions""        ""country""        ""character varying""        ""YES""        
""visitor_sessions""        ""region""        ""character varying""        ""YES""        
""visitor_sessions""        ""city""        ""character varying""        ""YES""        
""visitor_sessions""        ""created_at""        ""timestamp without time zone""        ""NO""        ",tracking,marketing,,,null,visitor_sessions_pkey,"CHECK (created_at IS NOT NULL), CHECK (id IS NOT NULL), CHECK (session_id IS NOT NULL), CHECK (visit_start IS NOT NULL), PRIMARY KEY (id), NOT NULL (created_at), NOT NULL (id), NOT NULL (session_id), NOT NULL (visit_start)",,,,,,,,
work_types,,"""work_types""        ""id""        ""uuid""        ""NO""        ""uuid_generate_v4()""
""work_types""        ""name""        ""character varying""        ""NO""        
""work_types""        ""description""        ""text""        ""YES""        
""work_types""        ""is_active""        ""boolean""        ""YES""        ""true""
""work_types""        ""created_by""        ""uuid""        ""YES""        
""work_types""        ""created_at""        ""timestamp with time zone""        ""YES""        ""now()""",opportunities,opportunities,"Defines types of work that can be performed, such as Roofing, Siding, and Gutters.",,work_types_created_by_fkey: created_by → users.id,work_types_pkey,"CHECK (id IS NOT NULL), CHECK (name IS NOT NULL), FOREIGN KEY (created_by) REFERENCES users(id), PRIMARY KEY (id), NOT NULL (name)",,,,,,,,
zone_goals,,"""zone_goals""        ""id""        ""uuid""        ""NO""        
""zone_goals""        ""zone_id""        ""uuid""        ""YES""        
""zone_goals""        ""title""        ""character varying""        ""NO""        
""zone_goals""        ""description""        ""text""        ""YES""        
""zone_goals""        ""goal_type""        ""character varying""        ""YES""        
""zone_goals""        ""target_value""        ""numeric""        ""YES""        
""zone_goals""        ""current_value""        ""numeric""        ""YES""        
""zone_goals""        ""start_date""        ""date""        ""YES""        
""zone_goals""        ""target_date""        ""date""        ""YES""        
""zone_goals""        ""status""        ""character varying""        ""YES""        ""'ACTIVE'::character varying""
""zone_goals""        ""priority""        ""integer""        ""YES""        
""zone_goals""        ""parent_goal_id""        ""uuid""        ""YES""        
""zone_goals""        ""created_by""        ""uuid""        ""NO""        
""zone_goals""        ""created_at""        ""timestamp without time zone""        ""NO""        
""zone_goals""        ""updated_at""        ""timestamp without time zone""        ""NO""        ",goals,sales management,zone oriented goals - large teams,no,null,zone_goals_pkey,"CHECK (created_at IS NOT NULL), CHECK (created_by IS NOT NULL), CHECK (id IS NOT NULL), CHECK (title IS NOT NULL), CHECK (updated_at IS NOT NULL), PRIMARY KEY (id), NOT NULL (created_at), NOT NULL (created_by), NOT NULL (id), NOT NULL (title), NOT NULL (updated_at)",,,,,,,,
zone_hierarchies,,"""zone_hierarchies""        ""id""        ""uuid""        ""NO""        ""uuid_generate_v4()""
""zone_hierarchies""        ""parent_zone_id""        ""uuid""        ""YES""        
""zone_hierarchies""        ""child_zone_id""        ""uuid""        ""YES""        
""zone_hierarchies""        ""relationship_type""        ""character varying""        ""YES""        
""zone_hierarchies""        ""metadata""        ""jsonb""        ""YES""        
""zone_hierarchies""        ""created_at""        ""timestamp with time zone""        ""YES""        ""now()""
""zone_hierarchies""        ""updated_at""        ""timestamp with time zone""        ""YES""        ""now()""",hierarchy,each company can build as many zones as they want - this creates parental rules,manages territory,no,null,zone_hierarchies_pkey,"CHECK (id IS NOT NULL), PRIMARY KEY (id)",,,,,,,,
zone_types,,"""zone_types""        ""id""        ""uuid""        ""NO""        ""uuid_generate_v4()""
""zone_types""        ""display_name""        ""character varying""        ""NO""        
""zone_types""        ""level_order""        ""integer""        ""YES""        
""zone_types""        ""description""        ""text""        ""YES""        
""zone_types""        ""icon""        ""character varying""        ""YES""        
""zone_types""        ""default_color""        ""character varying""        ""YES""        
""zone_types""        ""default_opacity""        ""numeric""        ""YES""        
""zone_types""        ""default_line_width""        ""integer""        ""YES""        
""zone_types""        ""allowed_parent_type_ids""        ""ARRAY""        ""YES""        
""zone_types""        ""allowed_child_type_ids""        ""ARRAY""        ""YES""        
""zone_types""        ""allow_boundary_crossing""        ""boolean""        ""YES""        ""false""
""zone_types""        ""default_settings""        ""jsonb""        ""YES""        
""zone_types""        ""created_at""        ""timestamp with time zone""        ""YES""        ""now()""
""zone_types""        ""updated_at""        ""timestamp with time zone""        ""YES""        ""now()""",identification,geo organizational,"Categorizes different types of geographical pricing zones, supporting salesBlanket's zone-based pricing model that allows for location-specific pricing.",,null,zone_types_pkey,"CHECK (display_name IS NOT NULL), CHECK (id IS NOT NULL), PRIMARY KEY (id), NOT NULL (display_name)",,,,,,,,
zones,,"""zones""        ""id""        ""uuid""        ""NO""        ""uuid_generate_v4()""
""zones""        ""zone_type_id""        ""uuid""        ""YES""        
""zones""        ""parent_zone_id""        ""uuid""        ""YES""        
""zones""        ""name""        ""character varying""        ""NO""        
""zones""        ""description""        ""text""        ""YES""        
""zones""        ""status""        ""character varying""        ""YES""        
""zones""        ""boundary""        ""USER-DEFINED""        ""YES""        
""zones""        ""color""        ""character varying""        ""YES""        
""zones""        ""opacity""        ""numeric""        ""YES""        
""zones""        ""line_width""        ""integer""        ""YES""        
""zones""        ""settings""        ""jsonb""        ""YES""        
""zones""        ""metadata""        ""jsonb""        ""YES""        
""zones""        ""created_at""        ""timestamp with time zone""        ""YES""        ""now()""
""zones""        ""updated_at""        ""timestamp with time zone""        ""YES""        ""now()""",geo spacial entities,organize your empire with zones,supercharging neighborhoods,no,null,zones_pkey,"CHECK (id IS NOT NULL), CHECK (name IS NOT NULL), PRIMARY KEY (id), NOT NULL (name)",,,,,,,,